setting,start,trading_start,end,initial_cash,execution_mode,roundtrip_cost_bp,max_participation,annual_return,cagr,sharpe,max_drawdown,total_return,final_value,orders,partial_or_failed_rate,failed_rate,capacity_limited_rate,lot_residual_rate,no_minute_data_rate,no_turnover_rate,limit_block_rate,avg_slippage_bp,avg_participation,avg_abs_exposure_gap
Exph_v3_exp_looser,2025-10-01,2026-01-02,2026-06-25,1000000.0,open_0935,5.0,0.1,0.7788858392101223,1.1079860199031097,3.063590565929098,-0.1123193653080331,0.3765768259841944,1405697.8059662173,605.0,0.7239669421487603,0.2049586776859504,0.04628099173553719,0.4677685950413223,0.023140495867768594,0.14545454545454545,0.001652892561983471,6.365904365904366,0.01684115625797649,0.1304747483940373
Exph_v3_exp_looser,2025-10-01,2026-01-02,2026-06-25,1000000.0,open_0935,7.0,0.1,0.776241517963504,1.1024485930823475,3.053500384851196,-0.1124306590542754,0.3750259030316876,1404114.073805099,604.0,0.706953642384106,0.2052980132450331,0.046357615894039736,0.44867549668874174,0.023178807947019868,0.1456953642384106,0.0016556291390728477,6.920833333333333,0.01687471041129333,0.13042280191915412
Exph_v3_exp_looser,2025-10-01,2026-01-02,2026-06-25,1000000.0,open_0935,10.0,0.1,0.772445820704442,1.0944951734693316,3.03833859710854,-0.11266508197900527,0.37279421911142063,1401835.179426584,605.0,0.6958677685950413,0.2066115702479339,0.04628099173553719,0.4380165289256198,0.023140495867768594,0.14545454545454545,0.001652892561983471,7.736458333333333,0.016859765132463546,0.1304570252792639
Exph_v3_exp_looser,2025-10-01,2026-01-02,2026-06-25,1000000.0,open_0935,15.0,0.1,0.7642981376863992,1.0775032495559325,3.005326736191261,-0.11325816849460002,0.3680101039555017,1396895.2402066698,606.0,0.7112211221122112,0.20297029702970298,0.0462046204620462,0.4504950495049505,0.0231023102310231,0.14521452145214522,0.0016501650165016502,9.192546583850932,0.01672985296740724,0.13055375148882095
Exph_v3_exp_looser,2025-10-01,2026-01-02,2026-06-25,1000000.0,open_0935,20.0,0.1,0.7531604016363243,1.0544830117906216,2.9598957259418124,-0.1140493966424947,0.3614928987570807,1390104.5319734267,604.0,0.7152317880794702,0.20364238410596028,0.046357615894039736,0.46192052980132453,0.023178807947019868,0.1456953642384106,0.0016556291390728477,10.858627858627859,0.016771555679463777,0.1306166298760116
Exph_v3_exp_looser,2025-10-01,2026-01-02,2026-06-25,1000000.0,vwap_0935_1030,5.0,0.1,0.8546028860593898,1.274316919624681,3.3842100680776865,-0.1029486418216835,0.4221196433685792,1440010.9015273128,597.0,0.6130653266331658,0.20770519262981574,0.0,0.4053601340033501,0.023450586264656615,0.1474036850921273,0.0016750418760469012,1.0782241014799154,0.000544524837573347,0.1304623661814359
Exph_v3_exp_looser,2025-10-01,2026-01-02,2026-06-25,1000000.0,vwap_0935_1030,7.0,0.1,0.845396160221268,1.2534529721779077,3.345739427146345,-0.10343940006020358,0.4165137199613276,1434192.8359810745,594.0,0.6127946127946128,0.21212121212121213,0.0,0.4006734006734007,0.02356902356902357,0.14646464646464646,0.0016835016835016834,2.0619658119658117,0.0005490714105467054,0.13042918634695735
Exph_v3_exp_looser,2025-10-01,2026-01-02,2026-06-25,1000000.0,vwap_0935_1030,10.0,0.1,0.8299542189085379,1.218928009675409,3.2822791112113756,-0.10420421999164053,0.4071716956869891,1424516.5814956867,594.0,0.6161616161616161,0.2138047138047138,0.0,0.40235690235690236,0.02356902356902357,0.14814814814814814,0.0016835016835016834,3.5364025695931476,0.0005481845707923951,0.13050651645865732
Exph_v3_exp_looser,2025-10-01,2026-01-02,2026-06-25,1000000.0,vwap_0935_1030,15.0,0.1,0.803782041717865,1.1615917652821306,3.174490797642575,-0.10548333983476843,0.3914718765028673,1408270.951832123,593.0,0.6155143338954469,0.21416526138279932,0.0,0.40134907251264756,0.023608768971332208,0.14839797639123103,0.0016863406408094434,6.008583690987124,0.0005457224708871803,0.13074474067508363
Exph_v3_exp_looser,2025-10-01,2026-01-02,2026-06-25,1000000.0,vwap_0935_1030,20.0,0.1,0.777579712615618,1.105669062026927,3.066890307455552,-0.10674468617588462,0.3759281758342934,1392182.8091377905,595.0,0.6168067226890757,0.21512605042016808,0.0,0.4016806722689076,0.023529411764705882,0.14789915966386555,0.0016806722689075631,8.50321199143469,0.0005412164978477185,0.13093134136392479
Exph_v3_exp_looser,2025-10-01,2026-01-02,2026-06-25,1000000.0,twap_0935_1030,5.0,0.1,0.8514410646618579,1.2673261858683298,3.3753467506221626,-0.10227527878330223,0.4202445928043492,1437821.565188765,592.0,0.6233108108108109,0.21452702702702703,0.0,0.40878378378378377,0.02364864864864865,0.14695945945945946,0.0016891891891891893,1.0795698924731183,0.0005527876955652401,0.1305802939796973
Exph_v3_exp_looser,2025-10-01,2026-01-02,2026-06-25,1000000.0,twap_0935_1030,7.0,0.1,0.8410001030934187,1.2437640013958808,3.331957681898828,-0.10278773667774876,0.4139003100328864,1431255.8403382269,590.0,0.6067796610169491,0.21525423728813559,0.0,0.39152542372881355,0.023728813559322035,0.14745762711864407,0.001694915254237288,2.062634989200864,0.0005537398184235351,0.13067142192269274
Exph_v3_exp_looser,2025-10-01,2026-01-02,2026-06-25,1000000.0,twap_0935_1030,10.0,0.1,0.8256619799812083,1.2096169288445267,3.2688784865974387,-0.10357827865211078,0.404638033515875,1421664.8445989504,591.0,0.6091370558375635,0.21489001692047377,0.0,0.3942470389170897,0.023688663282571912,0.14720812182741116,0.001692047377326565,3.5366379310344827,0.0005505103592798332,0.13067522526743583
Exph_v3_exp_looser,2025-10-01,2026-01-02,2026-06-25,1000000.0,twap_0935_1030,15.0,0.1,0.7997141329935878,1.1530013888434336,3.1618519114746353,-0.10484478638163663,0.38909924639725557,1405590.9413111894,593.0,0.6138279932546374,0.21416526138279932,0.0,0.3996627318718381,0.023608768971332208,0.1467116357504216,0.0016863406408094434,6.008583690987124,0.0005446501795941428,0.13099638201448485
Exph_v3_exp_looser,2025-10-01,2026-01-02,2026-06-25,1000000.0,twap_0935_1030,20.0,0.1,0.7734317114247607,1.0971249682170479,3.053658706674024,-0.10611037587427607,0.3735326594686337,1389492.9950816582,592.0,0.6182432432432432,0.21114864864864866,0.0,0.40709459459459457,0.02364864864864865,0.14695945945945946,0.0016891891891891893,8.50321199143469,0.0005400415013946276,0.13120354280075275
Exph_v3_exp_looser,2025-10-01,2026-01-02,2026-06-25,1000000.0,tail_vwap_1430_1455,5.0,0.1,1.2055859441271226,2.191613700086966,4.116986518729021,-0.10873073066194261,0.6443884706052663,1646627.4975634129,556.0,0.564748201438849,0.08273381294964029,0.0017985611510791368,0.4784172661870504,0.025179856115107913,0.017985611510791366,0.008992805755395683,1.8176470588235294,0.0022985003861546423,0.033437729710245306
Exph_v3_exp_looser,2025-10-01,2026-01-02,2026-06-25,1000000.0,tail_vwap_1430_1455,7.0,0.1,1.196117062332208,2.1615746691366318,4.083272638274067,-0.10929256776702401,0.6377376488592998,1639803.9554272792,553.0,0.5298372513562387,0.07775768535262206,0.0018083182640144665,0.4484629294755877,0.02531645569620253,0.018083182640144666,0.009041591320072333,2.7137254901960786,0.0022931456343113646,0.033224777573976114
Exph_v3_exp_looser,2025-10-01,2026-01-02,2026-06-25,1000000.0,tail_vwap_1430_1455,10.0,0.1,1.1815626439148488,2.1159973645505903,4.03218383413581,-0.11018298906689195,0.6275772339106953,1629385.8401953608,553.0,0.5406871609403255,0.0759493670886076,0.0018083182640144665,0.46112115732368897,0.02531645569620253,0.018083182640144666,0.009041591320072333,4.056751467710372,0.0022813740292646,0.03321430802833279
Exph_v3_exp_looser,2025-10-01,2026-01-02,2026-06-25,1000000.0,tail_vwap_1430_1455,15.0,0.1,1.1565662458267014,2.039222360136854,3.9442253899709603,-0.11158583903819075,0.6102681534193677,1611654.379400918,553.0,0.538878842676311,0.08318264014466546,0.0018083182640144665,0.45027124773960214,0.02531645569620253,0.018083182640144666,0.009041591320072333,6.34319526627219,0.002285989484447974,0.03316997450777603
Exph_v3_exp_looser,2025-10-01,2026-01-02,2026-06-25,1000000.0,tail_vwap_1430_1455,20.0,0.1,1.1292798948931346,1.9575461373631464,3.848076289876818,-0.11311724724486394,0.5915775253160707,1592550.5968627674,553.0,0.546112115732369,0.07956600361663653,0.0018083182640144665,0.4629294755877034,0.02531645569620253,0.018083182640144666,0.009041591320072333,8.714145383104126,0.002262761286632442,0.03341656097272254
Exph_v3_exp_looser,2025-10-01,2026-01-02,2026-06-25,1000000.0,t2_open_0935,5.0,0.1,0.7268357455006242,0.9942520214212511,2.7142199519902572,-0.0852807868657266,0.3442410710116077,1342115.4093669336,599.0,0.6861435726210351,0.2036727879799666,0.05175292153589316,0.4273789649415693,0.02337228714524207,0.1419031719532554,0.00333889816360601,6.339622641509434,0.016876912424218155,0.13457907989356943
Exph_v3_exp_looser,2025-10-01,2026-01-02,2026-06-25,1000000.0,t2_open_0935,7.0,0.1,0.7244960572455259,0.989632015640326,2.706020741527075,-0.08535140731002999,0.34290555048299787,1340755.1494763913,599.0,0.6978297161936561,0.20534223706176963,0.05175292153589316,0.4323873121869783,0.02337228714524207,0.1419031719532554,0.00333889816360601,6.882352941176471,0.01690380539908903,0.1345431608661461
Exph_v3_exp_looser,2025-10-01,2026-01-02,2026-06-25,1000000.0,t2_open_0935,10.0,0.1,0.7200411797961954,0.9808087765441265,2.6893455511540125,-0.08552396312605515,0.3403500547066325,1338163.5456221898,597.0,0.6817420435510888,0.20603015075376885,0.051926298157453935,0.4204355108877722,0.023450586264656615,0.1423785594639866,0.0033500837520938024,7.709915611814346,0.01696451304204865,0.13465385195001492
Exph_v3_exp_looser,2025-10-01,2026-01-02,2026-06-25,1000000.0,t2_open_0935,15.0,0.1,0.7118148672628383,0.9646428943060317,2.6590061128550557,-0.0857933708460149,0.3356509604606619,1333379.9359278409,597.0,0.6968174204355109,0.20938023450586266,0.051926298157453935,0.4304857621440536,0.023450586264656615,0.1423785594639866,0.0033500837520938024,9.182203389830509,0.01701087439277207,0.1346734674405662
Exph_v3_exp_looser,2025-10-01,2026-01-02,2026-06-25,1000000.0,t2_open_0935,20.0,0.1,0.7003656283859221,0.942367875661235,2.6168946219904834,-0.08610299605074212,0.32913972163758265,1326746.9922642296,598.0,0.6872909698996655,0.2157190635451505,0.051839464882943144,0.4180602006688963,0.023411371237458192,0.14214046822742474,0.0033444816053511705,10.807036247334755,0.01708619199645138,0.13475243857264838
Exph_v3_exp_looser,2025-10-01,2026-01-02,2026-06-25,3000000.0,open_0935,5.0,0.1,0.7136975790631382,0.9755245667620318,2.811936834235478,-0.1202041067148315,0.33881646103858887,4091257.6948903566,622.0,0.72508038585209,0.1864951768488746,0.13665594855305466,0.3954983922829582,0.022508038585209004,0.1414790996784566,0.001607717041800643,9.634387351778656,0.03150498833229574,0.126993432241164
Exph_v3_exp_looser,2025-10-01,2026-01-02,2026-06-25,3000000.0,open_0935,7.0,0.1,0.7128442742061238,0.9738455790891207,2.808612198237865,-0.12025733666406879,0.33832869133306076,4089767.1309339437,622.0,0.729903536977492,0.1864951768488746,0.13665594855305466,0.40192926045016075,0.022508038585209004,0.1414790996784566,0.001607717041800643,10.029644268774703,0.03150174749374866,0.12700342561315145
Exph_v3_exp_looser,2025-10-01,2026-01-02,2026-06-25,3000000.0,open_0935,10.0,0.1,0.711697091891999,0.9715881693324695,2.8040836490716505,-0.12033712217621195,0.33767250799308535,4087761.915718073,621.0,0.7326892109500805,0.18840579710144928,0.13687600644122383,0.4025764895330113,0.02254428341384863,0.14170692431561996,0.001610305958132045,10.65079365079365,0.03162522506920111,0.12701672115539905
Exph_v3_exp_looser,2025-10-01,2026-01-02,2026-06-25,3000000.0,open_0935,15.0,0.1,0.7085893713191534,0.9654845525969553,2.7918004814627433,-0.12054261729894211,0.33589615750469104,4082333.6080926736,620.0,0.7161290322580646,0.18387096774193548,0.13709677419354838,0.3903225806451613,0.02258064516129032,0.14193548387096774,0.0016129032258064516,11.695652173913043,0.031487330759795214,0.12701820079477175
Exph_v3_exp_looser,2025-10-01,2026-01-02,2026-06-25,3000000.0,open_0935,20.0,0.1,0.7039289462600926,0.9563700737448844,2.7734615652293817,-0.12086935472590365,0.33323767043305397,4074209.6000563786,622.0,0.7234726688102894,0.1832797427652733,0.13665594855305466,0.3987138263665595,0.022508038585209004,0.1414790996784566,0.001607717041800643,12.854330708661417,0.03134822773628368,0.12705751151136133
Exph_v3_exp_looser,2025-10-01,2026-01-02,2026-06-25,3000000.0,vwap_0935_1030,5.0,0.1,0.8451631526475757,1.2528994819838495,3.3440995937654914,-0.1031094909387903,0.4163645999554102,4302557.463611671,592.0,0.5557432432432432,0.19594594594594594,0.0,0.3597972972972973,0.02364864864864865,0.14864864864864866,0.0016891891891891893,1.5735294117647058,0.0016208917067868406,0.1306144621742354
Exph_v3_exp_looser,2025-10-01,2026-01-02,2026-06-25,3000000.0,vwap_0935_1030,7.0,0.1,0.8365196024850073,1.2335103809710297,3.308508151473771,-0.10357805788255214,0.41112756396566885,4286220.504375746,590.0,0.5474576271186441,0.2016949152542373,0.0,0.34576271186440677,0.023728813559322035,0.14915254237288136,0.001694915254237288,2.4798301486199574,0.0016344289490615258,0.13067332046590413
Exph_v3_exp_looser,2025-10-01,2026-01-02,2026-06-25,3000000.0,vwap_0935_1030,10.0,0.1,0.8234041448413518,1.2044125829569934,3.2546927707220275,-0.1042918041166272,0.4032192069146614,4261559.309913806,594.0,0.5454545454545454,0.2053872053872054,0.0,0.3400673400673401,0.02356902356902357,0.14814814814814814,0.0016835016835016834,3.829449152542373,0.0016256422661852852,0.1308375851601909
Exph_v3_exp_looser,2025-10-01,2026-01-02,2026-06-25,3000000.0,vwap_0935_1030,15.0,0.1,0.8003114083042231,1.1540839400347673,3.1598570761145273,-0.10550910030675065,0.38939854055806444,4218531.820537459,589.0,0.5534804753820034,0.19864176570458403,0.0,0.3548387096774194,0.023769100169779286,0.1494057724957555,0.001697792869269949,6.148305084745763,0.001616242216050218,0.13094425764631584
Exph_v3_exp_looser,2025-10-01,2026-01-02,2026-06-25,3000000.0,vwap_0935_1030,20.0,0.1,0.7755916715927192,1.1014524562391763,3.0580159406465945,-0.10678435280864274,0.37474665731945644,4172995.3437801246,591.0,0.5431472081218274,0.19796954314720813,0.0,0.34517766497461927,0.023688663282571912,0.14890016920473773,0.001692047377326565,8.568565400843882,0.0015995363953348483,0.13103670565654454
Exph_v3_exp_looser,2025-10-01,2026-01-02,2026-06-25,3000000.0,twap_0935_1030,5.0,0.1,0.8409880311897433,1.2437084347920098,3.3312227687146096,-0.10246085511069702,0.4138853034519221,4294184.831557788,586.0,0.5563139931740614,0.19795221843003413,0.0,0.35665529010238906,0.023890784982935155,0.14846416382252559,0.0017064846416382253,1.5808510638297872,0.0016379935399734235,0.13079814752683272
Exph_v3_exp_looser,2025-10-01,2026-01-02,2026-06-25,3000000.0,twap_0935_1030,7.0,0.1,0.8322613852415413,1.2242180118974049,3.295363957892818,-0.10294062289010852,0.40860846616313573,4277734.163397425,589.0,0.5449915110356537,0.2037351443123939,0.0,0.34125636672325976,0.023769100169779286,0.14770797962648557,0.001697792869269949,2.481876332622601,0.0016377963683480833,0.13097475450972523
Exph_v3_exp_looser,2025-10-01,2026-01-02,2026-06-25,3000000.0,twap_0935_1030,10.0,0.1,0.8193468038999305,1.1956823844533253,3.2423263456718807,-0.10364554954121563,0.4008348452561199,4253490.488198908,593.0,0.5598650927487352,0.20236087689713322,0.0,0.35581787521079256,0.023608768971332208,0.1467116357504216,0.0016863406408094434,3.828752642706131,0.00161885445067157,0.13101276316090665
Exph_v3_exp_looser,2025-10-01,2026-01-02,2026-06-25,3000000.0,twap_0935_1030,15.0,0.1,0.7965181688986287,1.146116863635683,3.1484308011626094,-0.10486490544833516,0.3871938583540053,4211020.552850162,586.0,0.5426621160409556,0.19795221843003413,0.0,0.3430034129692833,0.023890784982935155,0.14846416382252559,0.0017064846416382253,6.148936170212766,0.0016197771243218917,0.1311142618525255
Exph_v3_exp_looser,2025-10-01,2026-01-02,2026-06-25,3000000.0,twap_0935_1030,20.0,0.1,0.7714448454115116,1.0929402777740096,3.04506806422644,-0.10613967765946686,0.372357358693987,4164944.25906188,589.0,0.5704584040747029,0.19864176570458403,0.0,0.366723259762309,0.023769100169779286,0.14770797962648557,0.001697792869269949,8.56885593220339,0.0016028621215015515,0.1312928133384996
Exph_v3_exp_looser,2025-10-01,2026-01-02,2026-06-25,3000000.0,tail_vwap_1430_1455,5.0,0.1,1.1857700883773235,2.127735905140216,4.02559178548955,-0.10986905139280945,0.6302021478363968,4897267.261358611,551.0,0.4863883847549909,0.07441016333938294,0.010889292196007259,0.3992740471869328,0.025408348457350273,0.016333938294010888,0.009074410163339383,3.1098039215686275,0.0060918692193370665,0.033156808371214784
Exph_v3_exp_looser,2025-10-01,2026-01-02,2026-06-25,3000000.0,tail_vwap_1430_1455,7.0,0.1,1.1786643774555725,2.105667500545222,4.0012289228172735,-0.11027825283471837,0.6252626431452548,4881941.23233816,550.0,0.4781818181818182,0.07272727272727272,0.01090909090909091,0.39454545454545453,0.025454545454545455,0.016363636363636365,0.00909090909090909,3.8862745098039215,0.006083267387409032,0.033098379563282564
Exph_v3_exp_looser,2025-10-01,2026-01-02,2026-06-25,3000000.0,tail_vwap_1430_1455,10.0,0.1,1.1684896418688755,2.074337139105904,3.966342345192318,-0.11088654849040425,0.6182154880436044,4860044.282883824,551.0,0.49727767695099817,0.06715063520871144,0.010889292196007259,0.4192377495462795,0.025408348457350273,0.018148820326678767,0.009074410163339383,5.019455252918288,0.006023812672805044,0.03314499806886251
Exph_v3_exp_looser,2025-10-01,2026-01-02,2026-06-25,3000000.0,tail_vwap_1430_1455,15.0,0.1,1.1488988127041924,2.0148683506486913,3.898756891514413,-0.11203502035724222,0.6047253844310196,4818325.281392152,551.0,0.4863883847549909,0.06715063520871144,0.010889292196007259,0.40834845735027225,0.025408348457350273,0.018148820326678767,0.009074410163339383,7.0505836575875485,0.006000762595784667,0.03307629621317076
Exph_v3_exp_looser,2025-10-01,2026-01-02,2026-06-25,3000000.0,tail_vwap_1430_1455,20.0,0.1,1.1268889940529647,1.9493304775419018,3.821485801912497,-0.11339365319054118,0.5896812255699675,4771962.211686457,546.0,0.47435897435897434,0.06593406593406594,0.01098901098901099,0.39377289377289376,0.02564102564102564,0.018315018315018316,0.009157509157509158,9.212745098039216,0.006022235715557637,0.033085992027423225
Exph_v3_exp_looser,2025-10-01,2026-01-02,2026-06-25,3000000.0,t2_open_0935,5.0,0.1,0.682951925798628,0.9091204203290386,2.5550957459400934,-0.08928717556579213,0.31934124174893963,3948298.5124712065,632.0,0.7310126582278481,0.18354430379746836,0.14715189873417722,0.3987341772151899,0.022151898734177215,0.13449367088607594,0.0031645569620253164,10.209302325581396,0.03288772998112022,0.1362802952928396
Exph_v3_exp_looser,2025-10-01,2026-01-02,2026-06-25,3000000.0,t2_open_0935,7.0,0.1,0.6822770851702727,0.9078417950464401,2.5526911320492687,-0.08930239669108597,0.31896247360674934,3947165.000044657,630.0,0.7238095238095238,0.18412698412698414,0.14761904761904762,0.3904761904761905,0.022222222222222223,0.1349206349206349,0.0031746031746031746,10.591439688715953,0.03301044465074558,0.13626855844388025
Exph_v3_exp_looser,2025-10-01,2026-01-02,2026-06-25,3000000.0,t2_open_0935,10.0,0.1,0.6813576204261172,0.9060945336024095,2.549289325573552,-0.0893363121556211,0.3184446463948305,3945615.335450055,630.0,0.7174603174603175,0.18253968253968253,0.14761904761904762,0.3873015873015873,0.022222222222222223,0.1349206349206349,0.0031746031746031746,11.122330097087378,0.03294177067631904,0.13625419425962215
Exph_v3_exp_looser,2025-10-01,2026-01-02,2026-06-25,3000000.0,t2_open_0935,15.0,0.1,0.6789010575223987,0.9014518250683883,2.5405231165039335,-0.08944211095265686,0.3170673905804262,3941493.7201232305,631.0,0.7242472266244057,0.18541996830427893,0.1473851030110935,0.3898573692551506,0.022187004754358162,0.1347068145800317,0.003169572107765452,12.116731517509727,0.03299586284295919,0.13624916659632147
Exph_v3_exp_looser,2025-10-01,2026-01-02,2026-06-25,3000000.0,t2_open_0935,20.0,0.1,0.6750872208179384,0.8942490152942422,2.5265822817456516,-0.08960982065393519,0.3149268742373288,3935087.9494052855,631.0,0.7353407290015848,0.18541996830427893,0.1473851030110935,0.3993660855784469,0.022187004754358162,0.1347068145800317,0.003169572107765452,13.198443579766536,0.03297289483272819,0.13630599451382977
Exph_v3_exp_looser,2025-10-01,2026-01-02,2026-06-25,5000000.0,open_0935,5.0,0.1,0.7282144851051104,1.0041941470693474,2.8656522104818265,-0.12307832275844421,0.3471090908116494,6833439.49955969,639.0,0.7464788732394366,0.17370892018779344,0.2112676056338028,0.3599374021909233,0.02190923317683881,0.13771517996870108,0.001564945226917058,11.571969696969697,0.04069953500689067,0.13217297648387444
Exph_v3_exp_looser,2025-10-01,2026-01-02,2026-06-25,5000000.0,open_0935,7.0,0.1,0.7276855525804694,1.003137481630425,2.8635763029440175,-0.12310490218952097,0.3468046596333061,6831895.22073834,641.0,0.7581903276131046,0.1794071762870515,0.21060842433697347,0.36505460218408736,0.0218408736349454,0.1372854914196568,0.0015600624024961,11.935361216730039,0.040852286339653515,0.1322393692210585
Exph_v3_exp_looser,2025-10-01,2026-01-02,2026-06-25,5000000.0,open_0935,10.0,0.1,0.7268139888372164,1.0014020529667782,2.8602598859846786,-0.1231298713079757,0.3463044738192189,6829357.943302966,642.0,0.735202492211838,0.17757009345794392,0.2102803738317757,0.34579439252336447,0.021806853582554516,0.13707165109034267,0.001557632398753894,12.397727272727273,0.04069242842395095,0.13224700743086135
Exph_v3_exp_looser,2025-10-01,2026-01-02,2026-06-25,5000000.0,open_0935,15.0,0.1,0.7253206661283619,0.9984263201217807,2.854445931794801,-0.12321865246865671,0.34544622997483554,6825004.355737961,642.0,0.7570093457943925,0.1791277258566978,0.2087227414330218,0.3644859813084112,0.021806853582554516,0.13707165109034267,0.001557632398753894,13.282732447817837,0.04076256460626717,0.13225885528792886
Exph_v3_exp_looser,2025-10-01,2026-01-02,2026-06-25,5000000.0,open_0935,20.0,0.1,0.723091420876966,0.9939990279086777,2.8459152346046697,-0.12332744973924681,0.34416798311538055,6818520.231594514,642.0,0.7429906542056075,0.1791277258566978,0.2087227414330218,0.35202492211838005,0.021806853582554516,0.13707165109034267,0.001557632398753894,14.231499051233397,0.04076077089108422,0.1323242568940476
Exph_v3_exp_looser,2025-10-01,2026-01-02,2026-06-25,5000000.0,vwap_0935_1030,5.0,0.1,0.8352683685304012,1.230729418251364,3.303580503882442,-0.10345472298736769,0.4103742929569094,7140601.998640514,589.0,0.5178268251273345,0.1935483870967742,0.0,0.3174872665534805,0.023769100169779286,0.1494057724957555,0.001697792869269949,2.082105263157895,0.002700541690501351,0.13071760704654786
Exph_v3_exp_looser,2025-10-01,2026-01-02,2026-06-25,5000000.0,vwap_0935_1030,7.0,0.1,0.8275293526946415,1.2135340454104426,3.2717976012159338,-0.10386501609938903,0.4057046721809119,7116248.533361862,592.0,0.518581081081081,0.19425675675675674,0.0,0.32432432432432434,0.02364864864864865,0.14864864864864866,0.0016891891891891893,2.9287211740041927,0.0026840024250276216,0.1308089607860505
Exph_v3_exp_looser,2025-10-01,2026-01-02,2026-06-25,5000000.0,vwap_0935_1030,10.0,0.1,0.816187818905254,1.1885718040673727,3.2252499913205854,-0.10448363025770013,0.3988888220309661,7080679.880943926,592.0,0.5101351351351351,0.19763513513513514,0.0,0.3125,0.02364864864864865,0.14864864864864866,0.0016891891891891893,4.208421052631579,0.0026875482854141395,0.1308510095675439
Exph_v3_exp_looser,2025-10-01,2026-01-02,2026-06-25,5000000.0,vwap_0935_1030,15.0,0.1,0.7953886997199999,1.143505881355094,3.1396762151510926,-0.10559229636857048,0.3864703193276322,7016067.934670953,589.0,0.5127334465195246,0.200339558573854,0.0,0.3089983022071307,0.023769100169779286,0.1494057724957555,0.001697792869269949,6.411889596602973,0.0026963168877308093,0.13093265245178543
Exph_v3_exp_looser,2025-10-01,2026-01-02,2026-06-25,5000000.0,vwap_0935_1030,20.0,0.1,0.7727305270510542,1.0954491330225142,3.0463433419849335,-0.10682084509817613,0.373062149977762,6946482.165666097,593.0,0.5311973018549747,0.20404721753794267,0.0,0.32377740303541314,0.023608768971332208,0.14839797639123103,0.0016863406408094434,8.717161016949152,0.0026755622283384317,0.13110267339287893
Exph_v3_exp_looser,2025-10-01,2026-01-02,2026-06-25,5000000.0,twap_0935_1030,5.0,0.1,0.8311710070645304,1.2218025093053684,3.291008172378145,-0.10281117040675569,0.4079526554985524,7126960.146471437,586.0,0.5307167235494881,0.19283276450511946,0.0,0.33447098976109213,0.023890784982935155,0.14846416382252559,0.0017064846416382253,2.0866807610993656,0.002706261623396169,0.1309399167207611
Exph_v3_exp_looser,2025-10-01,2026-01-02,2026-06-25,5000000.0,twap_0935_1030,7.0,0.1,0.8235816686642496,1.2050063034183975,3.2598263337904925,-0.10321884343962551,0.4033811656786508,7103111.686189442,588.0,0.5153061224489796,0.1989795918367347,0.0,0.31462585034013607,0.023809523809523808,0.14795918367346939,0.0017006802721088435,2.940552016985138,0.002712341914116329,0.1309905865153306
Exph_v3_exp_looser,2025-10-01,2026-01-02,2026-06-25,5000000.0,twap_0935_1030,10.0,0.1,0.8120491099920195,1.17972665161926,3.212519063085868,-0.10383866144315157,0.39646303204191735,7067038.892343835,586.0,0.5358361774744027,0.19283276450511946,0.0,0.3412969283276451,0.023890784982935155,0.14846416382252559,0.0017064846416382253,4.211416490486258,0.002693123096039043,0.13102727564809205
Exph_v3_exp_looser,2025-10-01,2026-01-02,2026-06-25,5000000.0,twap_0935_1030,15.0,0.1,0.7914999933159509,1.1353738846403392,3.127836402709433,-0.10494806893100939,0.3842135990211708,7003297.581591869,586.0,0.5324232081911263,0.1945392491467577,0.0,0.33447098976109213,0.023890784982935155,0.14846416382252559,0.0017064846416382253,6.4025423728813555,0.002685124316287168,0.1311417090729758
Exph_v3_exp_looser,2025-10-01,2026-01-02,2026-06-25,5000000.0,twap_0935_1030,20.0,0.1,0.7686538164331879,1.0871041788419826,3.033589463677689,-0.10617459568593013,0.37071600335403265,6933271.389862088,589.0,0.5382003395585738,0.1969439728353141,0.0,0.3361629881154499,0.023769100169779286,0.14770797962648557,0.001697792869269949,8.716701902748415,0.002664290552201313,0.13131547531200602
Exph_v3_exp_looser,2025-10-01,2026-01-02,2026-06-25,5000000.0,tail_vwap_1430_1455,5.0,0.1,1.1656470953279288,2.0649754939036256,3.94641617218082,-0.11114688936443495,0.6161018114344454,8088929.3488387745,552.0,0.46195652173913043,0.06340579710144928,0.018115942028985508,0.3713768115942029,0.025362318840579712,0.018115942028985508,0.009057971014492754,4.2321083172147,0.009086615035606276,0.034505990019147226
Exph_v3_exp_looser,2025-10-01,2026-01-02,2026-06-25,5000000.0,tail_vwap_1430_1455,7.0,0.1,1.160138107130063,2.0482193959683497,3.92794869150958,-0.11142061042723361,0.6123093812415201,8069786.327262864,551.0,0.4591651542649728,0.06715063520871144,0.018148820326678767,0.3702359346642468,0.025408348457350273,0.018148820326678767,0.009074410163339383,4.9319066147859925,0.009129393835513125,0.034465499854596265
Exph_v3_exp_looser,2025-10-01,2026-01-02,2026-06-25,5000000.0,tail_vwap_1430_1455,10.0,0.1,1.1525284829310478,2.025203132614921,3.902120700901882,-0.11181730111413912,0.6070806078169959,8043373.779541218,552.0,0.47644927536231885,0.06340579710144928,0.018115942028985508,0.38768115942028986,0.025362318840579712,0.018115942028985508,0.009057971014492754,5.9197292069632494,0.009062345907425348,0.034473204812966354
Exph_v3_exp_looser,2025-10-01,2026-01-02,2026-06-25,5000000.0,tail_vwap_1430_1455,15.0,0.1,1.137120241176693,1.979097114040222,3.849366284943014,-0.11266204482048736,0.5965375606179357,7989568.391484189,551.0,0.4646098003629764,0.06896551724137931,0.018148820326678767,0.3720508166969147,0.025408348457350273,0.018148820326678767,0.009074410163339383,7.746588693957115,0.009104524051087715,0.0344671691746827
Exph_v3_exp_looser,2025-10-01,2026-01-02,2026-06-25,5000000.0,tail_vwap_1430_1455,20.0,0.1,1.1185927438782624,1.9245437597541653,3.7853681238244365,-0.11371192418506237,0.5839417128354003,7924554.379860448,549.0,0.4663023679417122,0.06739526411657559,0.018214936247723135,0.37340619307832423,0.025500910746812388,0.018214936247723135,0.009107468123861567,9.7119140625,0.009087638775752301,0.034457807969686505
Exph_v3_exp_looser,2025-10-01,2026-01-02,2026-06-25,5000000.0,t2_open_0935,5.0,0.1,0.6560283314729543,0.8582773913687058,2.4487648528951755,-0.08417517568265909,0.3041666488535557,6503517.984605883,646.0,0.7523219814241486,0.1826625386996904,0.21207430340557276,0.3544891640866873,0.021671826625386997,0.13157894736842105,0.0030959752321981426,11.844696969696969,0.042909618367989066,0.13798745575671872
Exph_v3_exp_looser,2025-10-01,2026-01-02,2026-06-25,5000000.0,t2_open_0935,7.0,0.1,0.6556703667886019,0.8576154873853408,2.4474591762338034,-0.08417638070201594,0.3039675425727748,6502525.096711499,646.0,0.7414860681114551,0.18111455108359134,0.21207430340557276,0.34520123839009287,0.021671826625386997,0.13157894736842105,0.0030959752321981426,12.151228733459357,0.04282677640302122,0.13799307226622162
Exph_v3_exp_looser,2025-10-01,2026-01-02,2026-06-25,5000000.0,t2_open_0935,10.0,0.1,0.6551126021511673,0.8565826268339958,2.4453897693244975,-0.08418743642522453,0.3036567684347913,6500975.352131462,646.0,0.7383900928792569,0.1826625386996904,0.21207430340557276,0.33900928792569657,0.021671826625386997,0.13157894736842105,0.0030959752321981426,12.621212121212121,0.042905464435989915,0.13799981302507516
Exph_v3_exp_looser,2025-10-01,2026-01-02,2026-06-25,5000000.0,t2_open_0935,15.0,0.1,0.6534976202444981,0.8535962662303638,2.439410513030721,-0.08421256915661923,0.3027576556792988,6496491.725763103,645.0,0.7457364341085271,0.18449612403100776,0.2124031007751938,0.34418604651162793,0.021705426356589147,0.13178294573643412,0.0031007751937984496,13.47148288973384,0.04306143976501061,0.13802119875964095
Exph_v3_exp_looser,2025-10-01,2026-01-02,2026-06-25,5000000.0,t2_open_0935,20.0,0.1,0.6512916802076609,0.8495220023963268,2.431182170550048,-0.08424570739549875,0.301529668532434,6490368.093862593,645.0,0.7410852713178294,0.1813953488372093,0.2124031007751938,0.3457364341085271,0.021705426356589147,0.13178294573643412,0.0031007751937984496,14.330492424242424,0.04288760529393152,0.1379672864195892
Exph_v3_exp_looser,2025-10-01,2026-01-02,2026-06-25,10000000.0,open_0935,5.0,0.1,0.7246444111690982,0.9999288513008953,2.9179059102922262,-0.12158444149175351,0.34587967262782326,13597412.316747405,676.0,0.7825443786982249,0.17307692307692307,0.3121301775147929,0.28846153846153844,0.020710059171597635,0.14497041420118342,0.0014792899408284023,13.438282647584973,0.05275040308029756,0.16766062827429812
Exph_v3_exp_looser,2025-10-01,2026-01-02,2026-06-25,10000000.0,open_0935,7.0,0.1,0.7243834649113564,0.9994117712296364,2.916937058547608,-0.12158892947832567,0.34573052897077705,13595905.519490167,675.0,0.7748148148148148,0.17333333333333334,0.3125925925925926,0.28,0.02074074074074074,0.1451851851851852,0.0014814814814814814,13.71326164874552,0.052853402038572375,0.16766985907385276
Exph_v3_exp_looser,2025-10-01,2026-01-02,2026-06-25,10000000.0,open_0935,10.0,0.1,0.7241605780575818,0.9989645982799067,2.9159735098431208,-0.12159932895846748,0.3456015311559959,13594602.255527414,675.0,0.7777777777777778,0.1748148148148148,0.3125925925925926,0.28444444444444444,0.02074074074074074,0.1451851851851852,0.0014814814814814814,14.099640933572712,0.05294679757254421,0.1676676643534923
Exph_v3_exp_looser,2025-10-01,2026-01-02,2026-06-25,10000000.0,open_0935,15.0,0.1,0.7235568005471452,0.9977533639154721,2.9133518369069282,-0.12164440388554743,0.3452520385660125,13591071.334491678,676.0,0.7869822485207101,0.17455621301775148,0.3121301775147929,0.29289940828402367,0.020710059171597635,0.14497041420118342,0.0014792899408284023,14.759856630824373,0.05284906072008029,0.16766119282420197
Exph_v3_exp_looser,2025-10-01,2026-01-02,2026-06-25,10000000.0,open_0935,20.0,0.1,0.7222045420915754,0.9950586169102187,2.907850217729322,-0.12171750448111218,0.34447405492921446,13583211.371598732,679.0,0.7717231222385862,0.17673048600883653,0.30927835051546393,0.27835051546391754,0.020618556701030927,0.14432989690721648,0.0014727540500736377,15.491055456171734,0.052748608128543144,0.16768174897178342
Exph_v3_exp_looser,2025-10-01,2026-01-02,2026-06-25,10000000.0,vwap_0935_1030,5.0,0.1,0.8301944855817166,1.2192302607985313,3.2778617437693565,-0.10407849983201456,0.4072538401160555,14249607.114868848,589.0,0.4855687606112054,0.18845500848896435,0.001697792869269949,0.2920203735144312,0.023769100169779286,0.1494057724957555,0.001697792869269949,3.014644351464435,0.005230007956358208,0.13037202938439577
Exph_v3_exp_looser,2025-10-01,2026-01-02,2026-06-25,10000000.0,vwap_0935_1030,7.0,0.1,0.824198720797773,1.2059555020841701,3.25306320237858,-0.10443421887892423,0.40364004224277306,14211595.60102175,592.0,0.5084459459459459,0.1891891891891892,0.0016891891891891893,0.3141891891891892,0.02364864864864865,0.14864864864864866,0.0016891891891891893,3.777083333333333,0.005200114185373089,0.13036431948155414
Exph_v3_exp_looser,2025-10-01,2026-01-02,2026-06-25,10000000.0,vwap_0935_1030,10.0,0.1,0.8147868136201297,1.185297708745356,3.21465874751544,-0.10497120105730318,0.3979915530186189,14152280.78889235,592.0,0.5016891891891891,0.19256756756756757,0.0016891891891891893,0.30236486486486486,0.02364864864864865,0.14864864864864866,0.0016891891891891893,4.951882845188284,0.005209343507460711,0.13044667223096
Exph_v3_exp_looser,2025-10-01,2026-01-02,2026-06-25,10000000.0,vwap_0935_1030,15.0,0.1,0.797668185313786,1.1482077254405567,3.144664239394492,-0.10591930088287693,0.3877729022522083,14045326.35678036,587.0,0.5008517887563884,0.18739352640545145,0.0017035775127768314,0.3100511073253833,0.02385008517887564,0.14991482112436116,0.0017035775127768314,6.972746331236897,0.005197705582403084,0.13050943930880768
Exph_v3_exp_looser,2025-10-01,2026-01-02,2026-06-25,10000000.0,vwap_0935_1030,20.0,0.1,0.7784770230661188,1.107368694231881,3.0662467781333387,-0.10694393922971102,0.3764040407515723,13926784.265392432,586.0,0.4948805460750853,0.19112627986348124,0.0017064846416382253,0.29692832764505117,0.023890784982935155,0.15017064846416384,0.0017064846416382253,9.104430379746836,0.005205528610540719,0.13062962972804246
Exph_v3_exp_looser,2025-10-01,2026-01-02,2026-06-25,10000000.0,twap_0935_1030,5.0,0.1,0.8266847277067687,1.211652165006051,3.2677857820722185,-0.10342952179825304,0.40519236712275974,14225984.77790871,586.0,0.48976109215017066,0.19283276450511946,0.0017064846416382253,0.2901023890784983,0.023890784982935155,0.14846416382252559,0.0017064846416382253,3.0274841437632136,0.005274472061343001,0.13053493532042848
Exph_v3_exp_looser,2025-10-01,2026-01-02,2026-06-25,10000000.0,twap_0935_1030,7.0,0.1,0.8205335720946568,1.1980824989797347,3.2423556933400883,-0.10378706430409501,0.40149089537412364,14187092.83575467,587.0,0.5178875638841567,0.19250425894378195,0.0017035775127768314,0.3151618398637138,0.02385008517887564,0.14821124361158433,0.0017035775127768314,3.7932489451476794,0.0052550992884830275,0.13058213130181517
Exph_v3_exp_looser,2025-10-01,2026-01-02,2026-06-25,10000000.0,twap_0935_1030,10.0,0.1,0.8111544986418123,1.1775632592103928,3.203897120546717,-0.10432274576691913,0.395868864223035,14128062.51142915,586.0,0.5051194539249146,0.189419795221843,0.0017064846416382253,0.310580204778157,0.023890784982935155,0.14846416382252559,0.0017064846416382253,4.957894736842105,0.005231561850041339,0.13060538781952227
Exph_v3_exp_looser,2025-10-01,2026-01-02,2026-06-25,10000000.0,twap_0935_1030,15.0,0.1,0.7940527892824604,1.1406366755775732,3.133815476187306,-0.10527118452954054,0.3856746419925481,14021378.912001131,587.0,0.504258943781942,0.19591141396933562,0.0017035775127768314,0.30664395229982966,0.02385008517887564,0.14821124361158433,0.0017035775127768314,6.983050847457627,0.0052421003562756014,0.1307269303505957
Exph_v3_exp_looser,2025-10-01,2026-01-02,2026-06-25,10000000.0,twap_0935_1030,20.0,0.1,0.7748751175260442,1.0999682975765053,3.0553479333564346,-0.10629974341220394,0.3743304647636483,13903117.712248167,587.0,0.48722316865417375,0.19080068143100512,0.0017035775127768314,0.293015332197615,0.02385008517887564,0.14821124361158433,0.0017035775127768314,9.103157894736842,0.005184113909561033,0.1307784785206827
Exph_v3_exp_looser,2025-10-01,2026-01-02,2026-06-25,10000000.0,tail_vwap_1430_1455,5.0,0.1,1.1226595592439887,1.9380941714573257,3.8250988581623377,-0.11331571060683288,0.5870828208084207,15879747.238288738,559.0,0.46332737030411447,0.06440071556350627,0.0518783542039356,0.3416815742397138,0.025044722719141325,0.017889087656529516,0.01073345259391771,5.9426386233269595,0.015450028154583269,0.04162740518289558
Exph_v3_exp_looser,2025-10-01,2026-01-02,2026-06-25,10000000.0,tail_vwap_1430_1455,7.0,0.1,1.1194229247220857,1.9286420441492291,3.814146989037782,-0.11348201819595172,0.5848926078874808,15857832.800600575,559.0,0.46153846153846156,0.0626118067978533,0.0518783542039356,0.3416815742397138,0.025044722719141325,0.017889087656529516,0.01073345259391771,6.494274809160306,0.015411367541159035,0.041601215374282095
Exph_v3_exp_looser,2025-10-01,2026-01-02,2026-06-25,10000000.0,tail_vwap_1430_1455,10.0,0.1,1.1145553341992525,1.9144921231242837,3.7977995717849695,-0.11373182769625378,0.5816062761237173,15824951.014555445,561.0,0.4741532976827095,0.062388591800356503,0.05169340463458111,0.35472370766488415,0.024955436720142603,0.017825311942959002,0.0106951871657754,7.321292775665399,0.01533943442654371,0.04160190086278609
Exph_v3_exp_looser,2025-10-01,2026-01-02,2026-06-25,10000000.0,tail_vwap_1430_1455,15.0,0.1,1.1043429943354366,1.8849999266632689,3.7630666261056853,-0.11427143745895951,0.5747272600949855,15755806.675127605,559.0,0.4525939177101968,0.06082289803220036,0.0518783542039356,0.33989266547406083,0.025044722719141325,0.017889087656529516,0.01073345259391771,8.84952380952381,0.015339813509519379,0.041505018916544865
Exph_v3_exp_looser,2025-10-01,2026-01-02,2026-06-25,10000000.0,tail_vwap_1430_1455,20.0,0.1,1.0912016847589658,1.8474658282107308,3.718041201964505,-0.11500041295560792,0.5659141103731864,15666844.236005202,561.0,0.46702317290552586,0.0570409982174688,0.05169340463458111,0.3493761140819964,0.024955436720142603,0.017825311942959002,0.0106951871657754,10.510396975425332,0.015187523435003852,0.04151474425299744
Exph_v3_exp_looser,2025-10-01,2026-01-02,2026-06-25,10000000.0,t2_open_0935,5.0,0.1,0.5878329443425087,0.7362503184367211,2.1974374989868846,-0.08447333936710766,0.26675026020073034,12627758.490455719,675.0,0.7881481481481482,0.16148148148148148,0.3333333333333333,0.29333333333333333,0.02074074074074074,0.1274074074074074,0.002962962962962963,13.759717314487633,0.05432642910445012,0.15363975869422325
Exph_v3_exp_looser,2025-10-01,2026-01-02,2026-06-25,10000000.0,t2_open_0935,7.0,0.1,0.5876457786547986,0.7359228200564794,2.1966808805065,-0.08448100375651402,0.2666478520693394,12626737.622182552,675.0,0.794074074074074,0.16,0.3333333333333333,0.2992592592592593,0.02074074074074074,0.1274074074074074,0.002962962962962963,14.01410934744268,0.05423058735747407,0.15363983094495723
Exph_v3_exp_looser,2025-10-01,2026-01-02,2026-06-25,10000000.0,t2_open_0935,10.0,0.1,0.587382913910536,0.7354663261608378,2.195676970842822,-0.08448490596160863,0.26650508886035196,12625314.469268315,674.0,0.7952522255192879,0.16172106824925817,0.33382789317507416,0.30118694362017806,0.020771513353115726,0.12759643916913946,0.002967359050445104,14.388495575221238,0.054421761010999166,0.15362653892778041
Exph_v3_exp_looser,2025-10-01,2026-01-02,2026-06-25,10000000.0,t2_open_0935,15.0,0.1,0.5866647814178961,0.734217742672455,2.192901122772842,-0.08450364192359561,0.2661144991061204,12621420.826424696,676.0,0.7825443786982249,0.16272189349112426,0.3328402366863905,0.28846153846153844,0.020710059171597635,0.12721893491124261,0.0029585798816568047,15.017667844522968,0.05432245776800639,0.1536284711495781
Exph_v3_exp_looser,2025-10-01,2026-01-02,2026-06-25,10000000.0,t2_open_0935,20.0,0.1,0.585651491159769,0.7324617890481675,2.1890590777826064,-0.08452023075947512,0.26556491862319387,12615942.264605917,675.0,0.7881481481481482,0.16,0.3333333333333333,0.2948148148148148,0.02074074074074074,0.1274074074074074,0.002962962962962963,15.731922398589065,0.05422207403227487,0.1536328117827812
Exph_v3_exp_looser,2025-10-01,2026-01-02,2026-06-25,30000000.0,open_0935,5.0,0.1,0.6035057024507838,0.7781413493037002,2.571960655967608,-0.10082031911211986,0.2797596300534173,38545231.862563394,752.0,0.8377659574468085,0.17154255319148937,0.4853723404255319,0.18218085106382978,0.018617021276595744,0.14361702127659576,0.0013297872340425532,16.40609951845907,0.07146962045158703,0.2272650930194538
Exph_v3_exp_looser,2025-10-01,2026-01-02,2026-06-25,30000000.0,open_0935,7.0,0.1,0.6034461722981356,0.7780355866843527,2.57170323945284,-0.10082383656082439,0.27972700697662267,38544249.28424978,752.0,0.848404255319149,0.17154255319148937,0.4853723404255319,0.19281914893617022,0.018617021276595744,0.14361702127659576,0.0013297872340425532,16.528089887640448,0.0714692053479732,0.22726425674378617
Exph_v3_exp_looser,2025-10-01,2026-01-02,2026-06-25,30000000.0,open_0935,10.0,0.1,0.6033578661358081,0.777877862442143,2.5712987862712273,-0.10082890879307083,0.2796783539840726,38542783.89900508,752.0,0.8430851063829787,0.17154255319148937,0.4853723404255319,0.1875,0.018617021276595744,0.14361702127659576,0.0013297872340425532,16.71107544141252,0.07146859375038614,0.2272640218075558
Exph_v3_exp_looser,2025-10-01,2026-01-02,2026-06-25,30000000.0,open_0935,15.0,0.1,0.6031439976922416,0.7774978299316546,2.570370124737669,-0.1008410659799236,0.27956111571635134,38539252.78573477,752.0,0.848404255319149,0.1702127659574468,0.4853723404255319,0.19281914893617022,0.018617021276595744,0.14361702127659576,0.0013297872340425532,17.05448717948718,0.07135304615790408,0.227268494240617
Exph_v3_exp_looser,2025-10-01,2026-01-02,2026-06-25,30000000.0,open_0935,20.0,0.1,0.6028312037424313,0.7769413676127068,2.5689913203698973,-0.10085940999970333,0.27938942382649623,38534081.577370346,752.0,0.851063829787234,0.1702127659574468,0.4853723404255319,0.19547872340425532,0.018617021276595744,0.14361702127659576,0.0013297872340425532,17.483173076923077,0.07135162805941267,0.2272670503840478
Exph_v3_exp_looser,2025-10-01,2026-01-02,2026-06-25,30000000.0,vwap_0935_1030,5.0,0.1,0.7918207016816068,1.1353425111151552,3.112878479654273,-0.10657239560450116,0.38420488301474287,42022597.11960135,596.0,0.4748322147651007,0.18456375838926176,0.028523489932885907,0.25838926174496646,0.02348993288590604,0.1476510067114094,0.0016778523489932886,5.699588477366255,0.014058580783654472,0.13100817608828652
Exph_v3_exp_looser,2025-10-01,2026-01-02,2026-06-25,30000000.0,vwap_0935_1030,7.0,0.1,0.7887348293043194,1.1287621684921927,3.1002983908385864,-0.10673320580048906,0.3823751514346079,41966209.99550585,595.0,0.47394957983193275,0.18487394957983194,0.02857142857142857,0.253781512605042,0.023529411764705882,0.14789915966386555,0.0016806722689075631,6.3051546391752575,0.014079534460730923,0.13101091369556286
Exph_v3_exp_looser,2025-10-01,2026-01-02,2026-06-25,30000000.0,vwap_0935_1030,10.0,0.1,0.7841877063273697,1.1191037002778215,3.0817930783406307,-0.10697322400397868,0.3796836525384293,41883247.59384755,597.0,0.47571189279731996,0.18257956448911222,0.02847571189279732,0.2613065326633166,0.023450586264656615,0.1474036850921273,0.0016750418760469012,7.176229508196721,0.013982041091694784,0.13102008136520515
Exph_v3_exp_looser,2025-10-01,2026-01-02,2026-06-25,30000000.0,vwap_0935_1030,15.0,0.1,0.7748509266780111,1.0994081706261225,3.043811194596335,-0.10746304269843454,0.3741733484722043,41713053.027757935,595.0,0.48403361344537815,0.18319327731092436,0.02857142857142857,0.2672268907563025,0.023529411764705882,0.14789915966386555,0.0016806722689075631,8.76954732510288,0.014015303412927345,0.13106004264660942
Exph_v3_exp_looser,2025-10-01,2026-01-02,2026-06-25,30000000.0,vwap_0935_1030,20.0,0.1,0.7629977601550566,1.0746718693622244,2.99574677640607,-0.10814111387213443,0.3672107517143697,41497563.744734764,595.0,0.4756302521008403,0.18487394957983194,0.02857142857142857,0.24873949579831933,0.023529411764705882,0.14789915966386555,0.0016806722689075631,10.50721649484536,0.014013127829600215,0.13110200835543093
Exph_v3_exp_looser,2025-10-01,2026-01-02,2026-06-25,30000000.0,twap_0935_1030,5.0,0.1,0.7884990310749579,1.1284360771491166,3.103084093297462,-0.10592743555778295,0.3822843944061045,41956183.89936041,592.0,0.47466216216216217,0.18243243243243243,0.028716216216216218,0.26013513513513514,0.02364864864864865,0.14695945945945946,0.0016891891891891893,5.7190082644628095,0.01409666450884907,0.1311685296548334
Exph_v3_exp_looser,2025-10-01,2026-01-02,2026-06-25,30000000.0,twap_0935_1030,7.0,0.1,0.785416910502065,1.121885763926083,3.090526650868429,-0.10608747970799359,0.38045964010478506,41899957.59435918,592.0,0.47635135135135137,0.18243243243243243,0.028716216216216218,0.26182432432432434,0.02364864864864865,0.14695945945945946,0.0016891891891891893,6.31404958677686,0.014089009179769173,0.1311822252192809
Exph_v3_exp_looser,2025-10-01,2026-01-02,2026-06-25,30000000.0,twap_0935_1030,10.0,0.1,0.7808230127575443,1.1121602111476032,3.07182643932341,-0.10632841888612077,0.37774439553801353,41816292.738562174,592.0,0.46283783783783783,0.18412162162162163,0.028716216216216218,0.2483108108108108,0.02364864864864865,0.14695945945945946,0.0016891891891891893,7.214285714285714,0.014106748725864628,0.13120072941539454
Exph_v3_exp_looser,2025-10-01,2026-01-02,2026-06-25,30000000.0,twap_0935_1030,15.0,0.1,0.7715653719770519,1.0926936492506392,3.034108142128134,-0.10681812383272793,0.37228804939290616,41647773.70263325,593.0,0.448566610455312,0.18381112984822934,0.02866779089376054,0.23440134907251264,0.023608768971332208,0.1467116357504216,0.0016863406408094434,8.78099173553719,0.01405383224639435,0.13122389261696654
Exph_v3_exp_looser,2025-10-01,2026-01-02,2026-06-25,30000000.0,twap_0935_1030,20.0,0.1,0.7597879157890276,1.0681931544003582,2.986312611954195,-0.1074969719568063,0.36537933960269586,41433967.79777579,593.0,0.4620573355817875,0.18381112984822934,0.026981450252951095,0.24451939291736932,0.023608768971332208,0.1467116357504216,0.0016863406408094434,10.508264462809917,0.014022941531159914,0.1312654303285116
Exph_v3_exp_looser,2025-10-01,2026-01-02,2026-06-25,30000000.0,tail_vwap_1430_1455,5.0,0.1,1.0071659158316157,1.6175984719162746,3.4171484803136374,-0.12024881408682897,0.5104324170049741,45297710.42687556,578.0,0.48961937716262977,0.05363321799307959,0.15397923875432526,0.2768166089965398,0.02422145328719723,0.01903114186851211,0.010380622837370242,9.906764168190128,0.031970434484193885,0.06574004736677115
Exph_v3_exp_looser,2025-10-01,2026-01-02,2026-06-25,30000000.0,tail_vwap_1430_1455,7.0,0.1,1.0060086092019778,1.6145955224490547,3.4134299352589683,-0.12025078553552637,0.5096895485418134,45275431.87925525,578.0,0.48788927335640137,0.05363321799307959,0.15397923875432526,0.2768166089965398,0.02422145328719723,0.01903114186851211,0.010380622837370242,10.288848263254113,0.03196531639978225,0.06573384041626291
Exph_v3_exp_looser,2025-10-01,2026-01-02,2026-06-25,30000000.0,tail_vwap_1430_1455,10.0,0.1,1.0044597875744397,1.610588151622927,3.408546064062932,-0.1202551479244991,0.508697446882028,45245678.854099646,578.0,0.5,0.05363321799307959,0.15397923875432526,0.2889273356401384,0.02422145328719723,0.01903114186851211,0.010380622837370242,10.852833638025594,0.03195852502627715,0.06572589070714953
Exph_v3_exp_looser,2025-10-01,2026-01-02,2026-06-25,30000000.0,tail_vwap_1430_1455,15.0,0.1,1.0005957992418593,1.6005958084518923,3.396030884552986,-0.12033588431679054,0.5062198537446008,45171376.094683684,578.0,0.5017301038062284,0.05363321799307959,0.15397923875432526,0.2906574394463668,0.02422145328719723,0.01903114186851211,0.010380622837370242,11.882998171846435,0.0319421464980323,0.06570602683355845
Exph_v3_exp_looser,2025-10-01,2026-01-02,2026-06-25,30000000.0,tail_vwap_1430_1455,20.0,0.1,0.9952925259270569,1.5869334658348415,3.378697550858335,-0.12052985954251694,0.5028234673982208,45069518.822895795,579.0,0.49222797927461137,0.0535405872193437,0.153713298791019,0.28324697754749567,0.024179620034542316,0.018998272884283247,0.010362694300518135,13.017335766423358,0.031862305032104694,0.06569580375925467
Exph_v3_exp_looser,2025-10-01,2026-01-02,2026-06-25,30000000.0,t2_open_0935,5.0,0.1,0.5171128334104874,0.6222824533628517,2.0097154851004677,-0.0860939018498279,0.23042232318055889,36837227.86409935,765.0,0.8235294117647058,0.1477124183006536,0.4993464052287582,0.17516339869281045,0.018300653594771243,0.12418300653594772,0.00261437908496732,16.15644171779141,0.07078388945264653,0.19162127294187054
Exph_v3_exp_looser,2025-10-01,2026-01-02,2026-06-25,30000000.0,t2_open_0935,7.0,0.1,0.5170342881388615,0.6221557690139394,2.009419590084257,-0.08609584959948147,0.23038114344063843,36835994.99678684,765.0,0.8261437908496732,0.14901960784313725,0.4993464052287582,0.17647058823529413,0.018300653594771243,0.12418300653594772,0.00261437908496732,16.27956989247312,0.07089195379502103,0.1916205348053455
Exph_v3_exp_looser,2025-10-01,2026-01-02,2026-06-25,30000000.0,t2_open_0935,10.0,0.1,0.5169240767808826,0.6219768618725048,2.0089825680212026,-0.08609921491220007,0.23032298514265226,36834253.81375176,765.0,0.8196078431372549,0.14901960784313725,0.4993464052287582,0.16993464052287582,0.018300653594771243,0.12418300653594772,0.00261437908496732,16.473118279569892,0.0708915670211384,0.19162217655205027
Exph_v3_exp_looser,2025-10-01,2026-01-02,2026-06-25,30000000.0,t2_open_0935,15.0,0.1,0.5166560688409784,0.6215403017622381,2.007889684702156,-0.08610561656910098,0.2301810548333032,36830004.60675363,765.0,0.8300653594771242,0.14901960784313725,0.4993464052287582,0.17908496732026144,0.018300653594771243,0.12418300653594772,0.00261437908496732,16.838709677419356,0.07088929605131065,0.19161456236532806
Exph_v3_exp_looser,2025-10-01,2026-01-02,2026-06-25,30000000.0,t2_open_0935,20.0,0.1,0.5163318626270332,0.6210101580266398,2.006526573179678,-0.08611375775704344,0.23000867013665283,36824843.63540976,765.0,0.8287581699346406,0.1477124183006536,0.4993464052287582,0.1803921568627451,0.018300653594771243,0.12418300653594772,0.00261437908496732,17.257668711656443,0.07078015363251962,0.1916264513873884
