setting,execution_mode,roundtrip_cost_bp,initial_cash,annual_return,cagr,sharpe,max_drawdown,total_return,final_value,orders,partial_or_failed_rate,failed_rate,capacity_limited_rate,lot_residual_rate,no_minute_data_rate,no_turnover_rate,limit_block_rate,avg_slippage_bp,p95_slippage_bp,avg_participation,p95_participation,avg_abs_exposure_gap,p95_abs_exposure_gap
Exph_v3_exp_looser,open_0935,7.0,1000000.0,0.11039509760671753,0.09885038239207566,0.6013810018746603,-0.4985377423891387,2.2210360788742864,3221036.0788742863,19831,0.8767586102566689,0.2301447229085775,0.4382028137764107,0.24925621501689274,0.02264131914679038,0.13650345418788765,0.00030255660329786695,14.802711731184909,20.0,0.06042867463819932,0.09996013341649929,0.207777365266071,0.5550483883845239
Exph_v3_exp_looser,t2_open_0935,7.0,1000000.0,0.11840563526868492,0.102695801655454,0.5536749351278837,-0.47738999553777317,2.3637335463165243,3363733.5463165245,19935,0.8816654125909205,0.22322548281916227,0.45407574617506896,0.2470027589666416,0.022623526460998244,0.12982192124404315,0.0005016302984700275,15.078398450113012,20.0,0.06171978922072397,0.09996402339525166,0.2016374131744285,0.5738696133858417
Exph_v3_exp_looser,tail_vwap_1430_1455,7.0,1000000.0,0.14483051104808417,0.13757180707155325,0.8114701626422273,-0.36953692420510487,3.9502379426547147,4950237.942654715,16160,0.724690594059406,0.09047029702970297,0.2508044554455445,0.39603960396039606,0.027784653465346535,0.006992574257425743,0.0013613861386138613,9.60681725404817,20.0,0.03414175176418565,0.09994809477982798,0.08135944809299513,0.31402343899866075
Exph_v3_exp_looser,twap_0935_1030,7.0,1000000.0,0.1629713195226425,0.15920538750225632,0.9342138915760769,-0.3200048464046287,5.25387184509554,6253871.84509554,15261,0.6617521787563069,0.09593080401022214,0.160277832383199,0.41399646156870457,0.02942140095668698,0.012384509534106546,0.00019657951641438963,7.451112560701602,20.0,0.023798868579933484,0.09993519084578473,0.06407343537960579,0.2537585090810296
Exph_v3_exp_looser,vwap_0935_1030,5.0,1000000.0,0.1655821651923091,0.16221540294776893,0.948680498715683,-0.3179663633352957,5.458388051484579,6458388.051484578,15311,0.6612892691528967,0.09640128012540004,0.16047286264776958,0.41316700411468876,0.02932532166416302,0.012409378877930899,0.0001959375612304879,6.868232743043007,20.0,0.023844238161683278,0.0999332771083996,0.06421750818196023,0.2545495804154573
Exph_v3_exp_looser,vwap_0935_1030,7.0,1000000.0,0.1612307301508468,0.15716403799888878,0.9235553396502574,-0.32126387767058406,5.118578817361805,6118578.817361806,15324,0.6635343252414513,0.0980814408770556,0.15870529887757764,0.4154267815191856,0.02930044374836857,0.012398851474810754,0.00019577133907595928,7.402431083134361,20.0,0.023632502018003418,0.0999313672922252,0.06377288723510718,0.2530803849014227
Exph_v3_exp_looser,vwap_0935_1030,10.0,1000000.0,0.15435600744934966,0.1492303156037187,0.8839351783784796,-0.32600336264833474,4.617913885401717,5617913.885401717,15292,0.667734763274915,0.09625948208213445,0.15544075333507718,0.4243395239340832,0.029361757781846718,0.012424797279623333,0.00019618100967826315,8.212698986975399,20.0,0.023244476065376045,0.09992749425126733,0.06305922638566747,0.25152025743426926
Exph_v3_exp_looser,vwap_0935_1030,15.0,1000000.0,0.14196980465681552,0.1350637720314798,0.8124063144702484,-0.33753459454733137,3.816500283702144,4816500.283702144,15247,0.6686561290745721,0.0970682757263724,0.1505870007214534,0.42854331999737655,0.02944841608185217,0.012330294484160818,0.0001967600183642684,9.701460013074744,20.0,0.022608283854470227,0.09992107117015969,0.06190740547156072,0.24839343253680676
Exph_v3_exp_looser,vwap_0935_1030,20.0,1000000.0,0.12726711340577465,0.118476598838956,0.7277012454623889,-0.36262546719541455,3.0123434994776987,4012343.499477699,15202,0.6731351138008157,0.09761873437705565,0.146691224838837,0.4367188527825286,0.029535587422707538,0.012103670569661886,0.00019734245494013944,11.297091412742382,20.0,0.021991714685174944,0.09991628393528514,0.06079079066740102,0.2504746967347157
Exph_v3_exp_looser,vwap_0935_1030,5.0,3000000.0,0.14107988756417186,0.1345435949308651,0.8188313027193326,-0.3187437196284707,3.789181907085,14367545.721255,16091,0.660617736622957,0.08010689205145734,0.2552979926667081,0.3347834193027158,0.027903797153688396,0.011869989435087937,0.0004350257908147412,9.200445885691122,20.0,0.0350515397700578,0.0999801444043321,0.09117478783791766,0.33234607892807166
Exph_v3_exp_looser,vwap_0935_1030,7.0,3000000.0,0.13786946133143607,0.1308991099620933,0.7999787563547022,-0.3258679122808942,3.6017422647824775,13805226.794347432,16100,0.6622981366459627,0.08229813664596274,0.2531055900621118,0.3368944099378882,0.027888198757763976,0.011863354037267081,0.0004347826086956522,9.630253807106598,20.0,0.03484576327473089,0.09997995614940058,0.09061502134816296,0.3328799032993072
Exph_v3_exp_looser,vwap_0935_1030,10.0,3000000.0,0.13323170632341294,0.12565488361602584,0.7727666588598476,-0.3355580161985894,3.343841782367087,13031525.34710126,16042,0.6602667996509164,0.08234634085525495,0.2515895773594315,0.3374890911357686,0.027989028799401572,0.01190624610397706,0.0004363545692557038,10.28123089464031,20.0,0.03462725561104146,0.0999796810699588,0.08965687444242194,0.33104487883290434
Exph_v3_exp_looser,vwap_0935_1030,15.0,3000000.0,0.12429090435968616,0.11560825374378325,0.7202538308938857,-0.3531258936797671,2.886512749623789,11659538.248871367,15982,0.6630584407458391,0.07996496058065324,0.24859216618696034,0.34463771743211113,0.02809410586910274,0.011950944812914529,0.0004379927418345639,11.426006528835691,20.0,0.0340102378160209,0.09997861728863991,0.0880895987845634,0.32697952196749835
Exph_v3_exp_looser,vwap_0935_1030,20.0,3000000.0,0.11376963189106225,0.10390247890349213,0.6586233125565726,-0.37205692177681393,2.4096953584725296,10229086.07541759,15956,0.6603785409877162,0.08134870894961144,0.24360742040611683,0.34632740035096515,0.028139884682877914,0.01197041865129105,0.00043870644271747306,12.690885523263747,20.0,0.033358907287732005,0.09997689156630482,0.08639902272511854,0.32257638089140905
Exph_v3_exp_looser,vwap_0935_1030,5.0,5000000.0,0.12781473621465042,0.11979355941713132,0.7460890591091067,-0.35098004462446086,3.071362308877437,20356811.544387184,16492,0.6704462769827795,0.07336890613630852,0.3034804753820034,0.30451127819548873,0.02722532136793597,0.011581372786805724,0.00042444821731748726,10.277843214238974,20.0,0.04015450881887617,0.09998834694479336,0.10884002451878776,0.3723811414199437
Exph_v3_exp_looser,vwap_0935_1030,7.0,5000000.0,0.12522612975144648,0.1168958632871544,0.7308952878069044,-0.3568606134748943,2.9425428329912218,19712714.164956108,16453,0.6705160153163556,0.07086853461374826,0.30261958305476205,0.30912295629976294,0.027289855953321583,0.011608825138272655,0.000425454324439312,10.637469745535423,20.0,0.03992795907759606,0.09998815904843983,0.10832258420922278,0.3711060185833968
Exph_v3_exp_looser,vwap_0935_1030,10.0,5000000.0,0.12138366357624253,0.11261031844458547,0.7083904977108076,-0.3654104845452075,2.758883065233761,18794415.326168805,16464,0.6697035957240038,0.07300777453838678,0.30017006802721086,0.30739795918367346,0.027271622934888242,0.011601068999028182,0.00042517006802721087,11.201448040885861,20.0,0.03969684212050041,0.09998780345231968,0.10758989654508454,0.36848579416237714
Exph_v3_exp_looser,vwap_0935_1030,15.0,5000000.0,0.11390830475728164,0.10430704311357641,0.6643663795682547,-0.380273047047083,2.425233812148229,17126169.060741145,16445,0.6690787473396169,0.07436910915171785,0.29504408634843415,0.31085436302827607,0.027303131650957737,0.011614472484037701,0.0004256612952265126,12.21574037577191,20.0,0.03919561979954148,0.09998700041053461,0.10625601847626083,0.36631089393151145
Exph_v3_exp_looser,vwap_0935_1030,20.0,5000000.0,0.10456044104865367,0.09400820481948835,0.6093432325398735,-0.3973262757441888,2.0492696907243744,15246348.453621872,16381,0.6690067761430926,0.07386606434283621,0.29064159697210185,0.3163421036566754,0.027409804041267322,0.011659849826017948,0.00042732433917343264,13.354986487377232,20.0,0.038638415602179704,0.09998613517581526,0.10465952312793125,0.36582139079459824
Exph_v3_exp_looser,vwap_0935_1030,5.0,10000000.0,0.10684037077421919,0.09689885383173502,0.6304497896582925,-0.3914144181491783,2.1507669834211467,31507669.83421147,17134,0.6884557021127583,0.06163184311894479,0.36780670012839967,0.2710400373526322,0.02620520602311194,0.011205789657989962,0.00040854441461421736,11.689327030725215,20.0,0.04720320752499176,0.09999409288243304,0.12997561481373393,0.4162590226454091
Exph_v3_exp_looser,vwap_0935_1030,7.0,10000000.0,0.10484173484166989,0.09470197290169069,0.6185102352786881,-0.4008273095720558,2.073351469457548,30733514.69457548,17117,0.6890810305544196,0.06216042530817316,0.3668867208038792,0.27271133960390254,0.026231232108430216,0.011216918852602675,0.0004089501665011392,12.00155734130692,20.0,0.047098901945645914,0.0999940075234012,0.12957017424640402,0.4149108444172862
Exph_v3_exp_looser,vwap_0935_1030,10.0,10000000.0,0.10166839798006914,0.09121875229606502,0.599485922475219,-0.41561260417367796,1.9541840687418217,29541840.68741822,17114,0.6891433913754821,0.06293093373845975,0.36473062989365435,0.27451209536052357,0.02623583031436251,0.011218885123290874,0.0004090218534533131,12.461962960653489,20.0,0.04684331688238588,0.09999388004242758,0.1288976307389931,0.41401238723899836
Exph_v3_exp_looser,vwap_0935_1030,15.0,10000000.0,0.09559660160410513,0.08458591193472542,0.5631585932480592,-0.44333603737550176,1.7389301121666443,27389301.121666443,17093,0.6877084186509097,0.06341777335751478,0.36219505060551105,0.27385479436026444,0.02626806294974551,0.011232668343766454,0.00040952436669981865,13.307514523080767,20.0,0.04636889538543291,0.09999367531640609,0.12762587408838183,0.41410261388624453
Exph_v3_exp_looser,vwap_0935_1030,20.0,10000000.0,0.08801948895993857,0.0763709471932199,0.5180133857944478,-0.4764252962690424,1.492340782880405,24923407.82880405,17044,0.6847570992724713,0.06442149730110303,0.3579558789016663,0.275287491199249,0.026343581318939217,0.011264961276695611,0.0004107017132128608,14.26072369246206,20.0,0.045925960107833244,0.09999329480757653,0.12622465394686896,0.41113525229554576
Exph_v3_exp_looser,vwap_0935_1030,5.0,30000000.0,0.11110020033916511,0.09911167847076463,0.5971104901734017,-0.49304973834042076,2.2305532184970227,96916596.55491067,18710,0.7299305184393372,0.04831640833778728,0.5126670229823623,0.1781400320684126,0.023997862105825763,0.0102618920363442,0.0003741314804917157,14.523419072222847,20.0,0.06253263296943161,0.09999859052208451,0.1875759239315793,0.5390215577083836
Exph_v3_exp_looser,vwap_0935_1030,7.0,30000000.0,0.11028903648784398,0.09822060862541515,0.5927608252620985,-0.49613127375409505,2.1982037820959417,95946113.46287826,18706,0.7285897572971239,0.04789906981717096,0.5123489789372394,0.17785737196621404,0.024002993691863574,0.010264086389393778,0.0003742114829466481,14.70701852891634,20.0,0.06243810633797983,0.09999858276853024,0.18737663462631854,0.5383513059060865
Exph_v3_exp_looser,vwap_0935_1030,10.0,30000000.0,0.10909147925365605,0.09690432170951446,0.5863044718624261,-0.5009976858451783,2.1509618817842067,94528856.4535262,18697,0.7288869872172006,0.047815157511900304,0.5115259132481147,0.1791196448628122,0.024014547788415254,0.01026902711664973,0.00037439161362785476,15.00449362467,20.0,0.062343323066034614,0.09999856526989262,0.18704697252450964,0.5373506868124521
Exph_v3_exp_looser,vwap_0935_1030,15.0,30000000.0,0.10637997328248888,0.09393364454874442,0.5717565533634139,-0.5119306637613781,2.046691938083033,91400758.142491,18672,0.7285239931448158,0.04825407026563839,0.5096936589545844,0.17989502999143103,0.02404670094258783,0.010282776349614395,0.0003748928877463582,15.533509650554274,20.0,0.0621759072317611,0.0999985390703152,0.18632617946606253,0.536078126111956
Exph_v3_exp_looser,vwap_0935_1030,20.0,30000000.0,0.10249790838473721,0.08970102224471832,0.5510453485953253,-0.5270281212068503,1.9036010325565953,87108030.97669786,18630,0.7266237251744498,0.048201825013419214,0.5071926999463231,0.18073000536768652,0.024100912506709607,0.010305958132045089,0.0003757380568974772,16.145612452064064,20.0,0.061897407717018606,0.09999850188170412,0.1852735371052885,0.5348044309204498
F2_CAP_MA60,open_0935,7.0,1000000.0,0.09812710902663221,0.08275409980907367,0.4994945596639164,-0.5859016721324974,1.68207814832701,2682078.1483270098,22686,0.8923565194393017,0.2464956360751124,0.43524640747597637,0.25522348585030413,0.02173146433924006,0.13276910870140174,0.00022040024684827648,14.684918684918685,20.0,0.05978881568975331,0.09995769950210667,0.22020843692072226,0.5826082112026949
F2_CAP_MA60,t2_open_0935,7.0,1000000.0,0.11531745208098637,0.09658246054030051,0.5124228539460547,-0.5142306489328776,2.139508241734944,3139508.241734944,22911,0.8996988346209245,0.23552005586836017,0.45510889965518747,0.25249879970319933,0.021605342411941862,0.12570381039675266,0.00043647156387761335,15.037739080787896,20.0,0.06153058108495003,0.09996504283832569,0.21958762485011543,0.6090961421603287
F2_CAP_MA60,tail_vwap_1430_1455,7.0,1000000.0,0.1554643908771256,0.14625559292274093,0.7987842759469773,-0.37688999712835725,4.440110692002201,5440110.692002201,18488,0.768931198615318,0.11277585460839464,0.24675465166594548,0.4239506707053224,0.026665945478147986,0.006869320640415405,0.0010276936391172653,9.52965920868134,20.0,0.03365243477139993,0.0999502141947435,0.07872190514083656,0.3200806221204289
F2_CAP_MA60,twap_0935_1030,7.0,1000000.0,0.16614299302159283,0.15896259029050563,0.862525101611454,-0.32081989601722505,5.237637274740526,6237637.2747405255,17397,0.71696269471748,0.11731907800195436,0.15606138989480944,0.45306662068172676,0.028338219233201126,0.011553716157958268,0.00028740587457607634,7.3473560823131026,20.0,0.023293908024565168,0.09993467265368935,0.059553008112278774,0.26120144117015337
F2_CAP_MA60,vwap_0935_1030,5.0,1000000.0,0.16875820402059427,0.16197048092541033,0.875608682681411,-0.3183646918728388,5.44151977622067,6441519.77622067,17447,0.7110678053533559,0.11692554593912993,0.15664584169198142,0.4471255803289964,0.028257006935289736,0.011520605261649568,0.000286582220439044,6.757967157785422,20.0,0.023327975372916834,0.09993394478407998,0.05969623014085848,0.2619817541525422
F2_CAP_MA60,vwap_0935_1030,7.0,1000000.0,0.16425332100024354,0.15673653734104387,0.8519643395142902,-0.3226420492013624,5.090588699295512,6090588.6992955115,17478,0.7172445359880993,0.1184346035015448,0.1543654880421101,0.4542281725597894,0.028206888660029752,0.011500171644352901,0.0002860739215013159,7.297507788161994,20.0,0.02306745112046387,0.0999299191374663,0.05927385507998971,0.2596451246819685
F2_CAP_MA60,vwap_0935_1030,10.0,1000000.0,0.15716723654537093,0.14855154766191037,0.814813690688705,-0.3298515958772754,4.57687892737404,5576878.92737404,17413,0.7177396198242693,0.1162349968414403,0.15212772066846608,0.45845058289783497,0.02831218055475794,0.011543099982771492,0.00028714179061620627,8.142017025147833,20.0,0.022726175515748966,0.0999269156989937,0.05861569990908051,0.2592908854600311
F2_CAP_MA60,vwap_0935_1030,15.0,1000000.0,0.14342868326026362,0.13284782607238688,0.7429124923084423,-0.34213128061756315,3.701110546442468,4701110.546442468,17416,0.7169843821773082,0.1189710610932476,0.1484267340376665,0.4587735415709692,0.028307303628847036,0.011598530087276068,0.00028709232889297196,9.665145985401459,20.0,0.022119861941470295,0.09992071532462188,0.0574618116861962,0.25564357498302537
F2_CAP_MA60,vwap_0935_1030,20.0,1000000.0,0.12816652726905126,0.11565981251237001,0.6632955995097841,-0.3544587692174206,2.888742174033931,3888742.174033931,17368,0.7227660064486412,0.12148779364348226,0.14423076923076922,0.4661446338093045,0.028385536619069552,0.011630584983878397,0.0002878857669276831,11.281491676497575,20.0,0.021546176436296083,0.0999145299145299,0.0563057736349235,0.25408510174654564
F2_CAP_MA60,vwap_0935_1030,5.0,3000000.0,0.1403064248461283,0.13001014189980542,0.7388800357624999,-0.32522598620099064,3.5570568823359627,13671170.647007888,18303,0.7185160902584276,0.09812599027481833,0.25099710429984157,0.38075725290935913,0.02693547505873354,0.01109107796536087,0.00032781511227667593,9.027927545889623,20.0,0.03417072258873833,0.09998089132293071,0.08814202990035726,0.35074275022979695
F2_CAP_MA60,vwap_0935_1030,7.0,3000000.0,0.13690983725700973,0.12616339477424354,0.7207051257141681,-0.3323177760531605,3.3682544941716133,13104763.48251484,18331,0.7190006000763733,0.09983088756750859,0.24837706617205826,0.38159402105722545,0.02689433200589166,0.01107413670830833,0.0003273143854672413,9.458699472759227,20.0,0.03389084057789468,0.0999804443020849,0.08757005230948847,0.3509850205786533
F2_CAP_MA60,vwap_0935_1030,10.0,3000000.0,0.13166271885083186,0.12024796699933549,0.6926831445711468,-0.34172859214451023,3.09191081510125,12275732.44530375,18273,0.7204618836534779,0.10069501450227111,0.24621025556832485,0.38526788157390685,0.026979696820445466,0.01110928692606578,0.0003283533081595797,10.132872877746,20.0,0.03362208886190404,0.09997970834754559,0.08663360974748648,0.34796421944240713
F2_CAP_MA60,vwap_0935_1030,15.0,3000000.0,0.1215302962951143,0.10891811596597978,0.6387501986427797,-0.3648017550938669,2.6069947661430892,10820984.298429267,18216,0.7199714536671058,0.1015590689503733,0.24099692577953447,0.3891084760649978,0.027064119455423804,0.011144049187527448,0.00032938076416337287,11.322131247708665,20.0,0.03303112898002621,0.09997814326689371,0.08524441222495636,0.3421501673121716
F2_CAP_MA60,vwap_0935_1030,20.0,3000000.0,0.1093243520470135,0.09542872747923226,0.5740351941794434,-0.42541949694581804,2.0987656906916015,9296297.072074804,18136,0.7201698279664756,0.10062858403176003,0.23566387295985886,0.39446404940449936,0.027183502426113806,0.01119320688134098,0.0003308337009263344,12.609435350377046,20.0,0.03230782795278907,0.0999765471024853,0.08375550478854998,0.34054136394569673
F2_CAP_MA60,vwap_0935_1030,5.0,5000000.0,0.125578652510624,0.11380330689184626,0.666343147123381,-0.366788567125105,2.8092026922827498,19046013.46141375,18783,0.726295054038226,0.09114624926795506,0.2968109460682532,0.35175424586061865,0.02624713836980248,0.011340041526912634,0.00031943778949049674,10.047214574424462,20.0,0.0391912935191757,0.09998822064185564,0.10644040118478372,0.4000101206677928
F2_CAP_MA60,vwap_0935_1030,7.0,5000000.0,0.12297654516939305,0.1108909912384437,0.6522277085477572,-0.3774934565645435,2.6874372233956865,18437186.116978433,18757,0.7278349416217945,0.08972650210588047,0.2954630271365357,0.3560803966519166,0.02628352081889428,0.011355760516073999,0.00031988057791757743,10.420288157432353,20.0,0.03894702907814404,0.09998799843945262,0.10583758291924758,0.399146838319463
F2_CAP_MA60,vwap_0935_1030,10.0,5000000.0,0.11870922555839915,0.10613285236329273,0.6291301292249495,-0.3993991600858495,2.496172519429051,17480862.597145256,18740,0.7297225186766275,0.09183564567769477,0.29263607257203844,0.3573639274279616,0.02630736392742796,0.011366061899679829,0.00032017075773745996,11.018156178388859,20.0,0.03871161295842368,0.09998756259524881,0.10492005127855741,0.39749862359001376
F2_CAP_MA60,vwap_0935_1030,15.0,5000000.0,0.11038438119981907,0.0969181307314273,0.5843128402985069,-0.4390587073059128,2.151454143259786,15757270.71629893,18691,0.7291209673104703,0.09287892568615912,0.28810657535712375,0.36038735220159435,0.026376330854421915,0.010860842116526671,0.00032101011181852226,12.06664700678266,20.0,0.03816305744072378,0.09998670515866154,0.10340060848251963,0.3947628760142054
F2_CAP_MA60,vwap_0935_1030,20.0,5000000.0,0.09992998973234066,0.08547364102473454,0.5284426976818198,-0.4839862169112329,1.7668782919312611,13834391.459656306,18613,0.7293289636275722,0.09283833879546553,0.2835652500940203,0.3645838929780261,0.026486864019771128,0.010906355772846935,0.0003223553430398109,13.236482084690554,20.0,0.03754904101283099,0.09998588633955095,0.10155768047691094,0.3913868448409658
F2_CAP_MA60,vwap_0935_1030,5.0,10000000.0,0.10027410457013206,0.08642880217465865,0.5383830064557045,-0.4807722486063064,1.797242077082375,27972420.77082375,19467,0.7430523449940926,0.07736168901217445,0.3614835362408178,0.3163815688087533,0.02532490882005445,0.01099296244927313,0.0003082139004469102,11.411558376482379,20.0,0.046012564540321335,0.0999940869700083,0.13074750642514812,0.44059649037947746
F2_CAP_MA60,vwap_0935_1030,7.0,10000000.0,0.09802041720814582,0.08397374370051747,0.5261417476354956,-0.4905598321334348,1.719808816538193,27198088.16538193,19464,0.7431154952733251,0.07752774352651048,0.3601520756267982,0.3183826551582409,0.025328812166050145,0.010994656802301685,0.00030826140567200987,11.745753272069061,20.0,0.045859852343742985,0.09999399830676624,0.13018226441169184,0.4399334441577977
F2_CAP_MA60,vwap_0935_1030,10.0,10000000.0,0.09463727774633252,0.08029102728414816,0.5076761361866059,-0.5044932480171826,1.6073441041777157,26073441.041777156,19440,0.7432098765432099,0.07854938271604939,0.35833333333333334,0.31965020576131686,0.02536008230452675,0.011008230452674897,0.00030864197530864197,12.248199631552504,20.0,0.04565986880731566,0.09999379847876283,0.12931351291820226,0.43892843432251477
F2_CAP_MA60,vwap_0935_1030,15.0,10000000.0,0.08826057252526821,0.0733861685138073,0.47296370658333936,-0.5302078217188333,1.407924355098816,24079243.55098816,19391,0.7420968490536847,0.07864473209220772,0.35428807178588007,0.32185034294260223,0.02542416585013666,0.011036047650972101,0.0003094218967562271,13.147542818761893,20.0,0.04518992278956244,0.09999347666207767,0.12777045569714776,0.4363965070883746
F2_CAP_MA60,vwap_0935_1030,20.0,10000000.0,0.08044167250148622,0.06497282308469354,0.43041532222069034,-0.5606983581390701,1.1839182737084148,21839182.73708415,19349,0.740348338415422,0.0809860974727376,0.34911364928420074,0.32378934311850743,0.025479352938136336,0.011060003100935448,0.00031009354488604064,14.122174108649196,20.0,0.04466250734933411,0.0999929739402696,0.12605074077376535,0.4339425849287289
F2_CAP_MA60,vwap_0935_1030,5.0,30000000.0,0.10227839943984149,0.08656732557249325,0.5122956083330732,-0.5763655506672494,1.80167096976206,84050129.0928618,21338,0.761505295716562,0.05858093542037679,0.5088105726872246,0.2058768394413722,0.023104320929796605,0.009982191395632205,0.0002811884900178086,14.274392672242135,20.0,0.06160358429002538,0.09999852920359271,0.2035403393269407,0.580577186413926
F2_CAP_MA60,vwap_0935_1030,7.0,30000000.0,0.10132390011271093,0.08552812115336739,0.5074918361727049,-0.5799632724478281,1.768601987569944,83058059.62709832,21339,0.7610478466657294,0.05862505272037115,0.5079432025868129,0.20605464173578894,0.0231032382023525,0.0100285861568021,0.0002811753128075355,14.475408203902827,20.0,0.061497323165085986,0.09999852006268817,0.2032135516433938,0.5804764181613749
F2_CAP_MA60,vwap_0935_1030,10.0,30000000.0,0.09973920689885224,0.08380457407871322,0.4995089579565492,-0.5857564716136864,1.7145464300514366,81436392.9015431,21301,0.7600582132294258,0.05826017557861133,0.5073470729073752,0.20623444908689734,0.02314445331205108,0.010046476691235153,0.00028167691657668653,14.811540378863409,20.0,0.06140884057341438,0.09999851124021701,0.20270771416672187,0.5802394509433297
F2_CAP_MA60,vwap_0935_1030,15.0,30000000.0,0.09647972391453757,0.08027029331893631,0.4831307419135238,-0.5972729024121928,1.6067232069217896,78201696.20765369,21286,0.7602179836512262,0.05919383632434464,0.5049328196936954,0.20807103260358922,0.02316076294277929,0.010053556328102979,0.0002818754110683078,15.369719364825727,20.0,0.06114529723750725,0.0999984556689722,0.20156909228609557,0.578629324907628
F2_CAP_MA60,vwap_0935_1030,20.0,30000000.0,0.09167912662887524,0.07509173961338078,0.459087839653138,-0.613544360633352,1.4558341513614712,73675024.54084414,21216,0.7590969079939668,0.059247737556561084,0.5023567119155354,0.20885180995475114,0.023237179487179488,0.010086726998491705,0.0002828054298642534,16.016659151260082,20.0,0.0608197419857224,0.09999838128122261,0.19984450344345817,0.5751875165643973
WideA,open_0935,7.0,1000000.0,0.11743162314318778,0.10331209523998397,0.589575994750494,-0.5294175308783804,2.387136244279743,3387136.244279743,18227,0.8857738519778351,0.23755966423437758,0.4655181873045482,0.22686124979426125,0.023755966423437757,0.14045097931639874,0.0003840456465682778,15.50428149960423,20.0,0.06397675272289426,0.09996880552873166,0.2827961930709476,0.7839012668824179
WideA,t2_open_0935,7.0,1000000.0,0.11540944623394855,0.09562655684905219,0.5032805129723286,-0.5283105365757543,2.105717056974279,3105717.0569742788,18225,0.8867489711934157,0.2283676268861454,0.47401920438957473,0.22809327846364882,0.023868312757201648,0.1324554183813443,0.0004938271604938272,15.598236507146412,20.0,0.0642097014408236,0.09997185276820864,0.27484559665183467,0.7977865620542005
WideA,tail_vwap_1430_1455,7.0,1000000.0,0.16755417122486221,0.15744588478502908,0.8110125806086903,-0.36979436689090395,5.137097050819296,6137097.050819296,14759,0.7368385391964225,0.0937732908733654,0.28755335727352804,0.36913069991191816,0.02933803103191273,0.007588590012873501,0.0014906158953858662,10.559626168224298,20.0,0.038454307073250045,0.09996717465627743,0.11074359243474119,0.4555516581015532
WideA,twap_0935_1030,7.0,1000000.0,0.17891810407701209,0.17197532337310073,0.8898102849871052,-0.3200048464046287,6.164578831930547,7164578.831930547,13936,0.675947187141217,0.10691733639494834,0.19252296211251435,0.3867680826636051,0.03107060849598163,0.013274971297359358,0.00021526980482204362,8.440061063795596,20.0,0.028232528336111017,0.09996264377334828,0.08388156616076278,0.39234153926979126
WideA,vwap_0935_1030,5.0,1000000.0,0.18197892553676065,0.1755334427451576,0.9044114424512668,-0.3179663633352957,6.43921353203537,7439213.53203537,13965,0.6744718940207662,0.10612244897959183,0.19262441818832796,0.38646616541353385,0.03100608664518439,0.013319011815252416,0.00021482277121374866,7.920051269726828,20.0,0.028262819014172623,0.0999616160613343,0.08405695781869962,0.39324136312961294
WideA,vwap_0935_1030,7.0,1000000.0,0.17789779777384487,0.17073326851345771,0.8838552832312827,-0.32126387767058406,6.070926946399013,7070926.9463990135,13971,0.6773316154892277,0.10736525660296328,0.1908238494023334,0.3904516498461098,0.030992770739388734,0.013313291818767448,0.00021473051320592657,8.390987090048913,20.0,0.028009790276882284,0.0999604190913983,0.08330952234833895,0.3921008577009929
WideA,vwap_0935_1030,10.0,1000000.0,0.17087607025675533,0.16250878540404456,0.8483117903242532,-0.32600336264833474,5.478647352640479,6478647.352640479,13944,0.6795754446356856,0.10527825588066551,0.18732071141709697,0.3973034997131383,0.031052782558806655,0.01333907056798623,0.0002151462994836489,9.112135299775568,20.0,0.027553972217563907,0.09995747111771583,0.08201994706025792,0.3865136404177581
WideA,vwap_0935_1030,15.0,1000000.0,0.15750910380918504,0.14699456891136475,0.780528946066886,-0.33875464950070555,4.483790598741246,5483790.598741245,13899,0.676739333765019,0.10763364270810849,0.1826030649687028,0.3958558169652493,0.03115332038276135,0.013238362472120296,0.0002158428663932657,10.432959767798113,20.0,0.026904191809365586,0.09995384486699453,0.07988600836172433,0.3803299835005439
WideA,vwap_0935_1030,20.0,1000000.0,0.14166410314101183,0.1288724725210033,0.7005209802491158,-0.3652795264902008,3.5004521287760735,4500452.128776073,13840,0.6805635838150289,0.10802023121387283,0.17680635838150288,0.40534682080924855,0.03128612716763006,0.013222543352601156,0.00021676300578034682,11.883596597812879,20.0,0.026215455858060382,0.09994961463462917,0.07754573793340347,0.37149031736338606
WideA,vwap_0935_1030,5.0,3000000.0,0.15133039059795136,0.14094913276695276,0.7668313987416513,-0.3335285344095318,4.135726029469499,15407178.088408496,14746,0.6988335819883358,0.08985487589854876,0.2945205479452055,0.32564763325647633,0.029363895293638954,0.012749220127492201,0.0002712600027126,10.238879368154384,20.0,0.03971358535976015,0.0999887251578834,0.12257196285137315,0.5043959006012778
WideA,vwap_0935_1030,7.0,3000000.0,0.14834191069130293,0.13751679719877385,0.7511887872670884,-0.3357923079685251,3.9472683598488176,14841805.079546452,14734,0.699199131261029,0.09216777521379123,0.29211347902809826,0.3267272974073571,0.02938781050631193,0.012759603637844442,0.00027148092846477533,10.624700956937799,20.0,0.03954861182697484,0.0999886578449905,0.12173786072909534,0.5004068930607648
WideA,vwap_0935_1030,10.0,3000000.0,0.1439846985276846,0.13252586022500856,0.7283459456458548,-0.34517425312561156,3.6845581047887315,14053674.314366195,14712,0.6989532354540511,0.09359706362153344,0.2895595432300163,0.3283713974986406,0.029431756389342034,0.01277868406742795,0.0002718868950516585,11.188226471691038,20.0,0.039291795329022966,0.09998823123600821,0.12034248026274799,0.4944636272246915
WideA,vwap_0935_1030,15.0,3000000.0,0.13555878958879966,0.12293653875859545,0.684319026432827,-0.36321293656811515,3.2154530340869343,12646359.102260802,14658,0.6962068495019784,0.09209987720016373,0.284690953745395,0.33039978168918,0.029540182835311776,0.012689316414244782,0.0002728885250375222,12.188608355876164,20.0,0.03865372369011157,0.09998739480087193,0.11800451986322538,0.4873087556211365
WideA,vwap_0935_1030,20.0,3000000.0,0.124529515103213,0.11054161464218493,0.6274735397050822,-0.3832268604547965,2.673072563280104,11019217.689840311,14594,0.6915855831163492,0.09154447033027271,0.2790187748389749,0.3319857475674935,0.029669727285185694,0.012813484993833082,0.0002740852405097985,13.303213154321918,20.0,0.03794074796330744,0.09998593962980615,0.11529804278162752,0.4785144831837113
WideA,vwap_0935_1030,5.0,5000000.0,0.13918337620710078,0.1276486956670395,0.7128679363130165,-0.36474388767862465,3.4402853180239736,22201426.59011987,15103,0.715553201350725,0.0841554658014964,0.3433092763027213,0.3014632854399788,0.028669800701847315,0.012447858041448719,0.00026484804343507914,11.297064777327936,20.0,0.04489868978370786,0.09999343279909326,0.1460936164359257,0.5635362756767289
WideA,vwap_0935_1030,7.0,5000000.0,0.13646362233337347,0.12456344485632598,0.6985528600066008,-0.3709924619730792,3.2918667437292983,21459333.718646493,15072,0.7127786624203821,0.0809447983014862,0.34209129511677283,0.3021496815286624,0.028728768577494693,0.012407112526539279,0.0002653927813163482,11.598036384637597,20.0,0.04462184703345477,0.09999332930582877,0.1452322326581231,0.5634777070462641
WideA,vwap_0935_1030,10.0,5000000.0,0.13211523753594334,0.11965103001669153,0.6757436814874168,-0.38003540491024723,3.064936640841287,20324683.204206433,15073,0.7110064353479731,0.0831951170967956,0.3392821601539176,0.3012008226630399,0.02872686260200358,0.012472633185165527,0.000265375174152458,12.093639192416239,20.0,0.044427089120574866,0.09999320014432776,0.1439647287358986,0.5596391257200403
WideA,vwap_0935_1030,15.0,5000000.0,0.1238126176534375,0.11033500442746669,0.6323633615554635,-0.39568131768453985,2.66460198712492,18323009.9356246,15058,0.7126444414928942,0.08440695975561163,0.33450657457829724,0.3068136538716961,0.028755478815247707,0.012485057776597157,0.0002656395271616417,12.985856241386813,20.0,0.04389377002962008,0.09999261162469543,0.1416418026053767,0.5511426812507798
WideA,vwap_0935_1030,20.0,5000000.0,0.11383277699406072,0.09925569617831487,0.5806210349047328,-0.421053890513025,2.2358097945292443,16179048.972646222,15026,0.7137628111273792,0.0853853320910422,0.3294289897510981,0.31165978969785707,0.02881671768933848,0.012511646479435645,0.0002662052442433116,13.982245506803464,20.0,0.043349425244761604,0.0999919708474566,0.1388546836441957,0.5394815386260171
WideA,vwap_0935_1030,5.0,10000000.0,0.11939400693527316,0.1063847507745388,0.6239317735945079,-0.3934177738057737,2.506064940219736,35060649.40219736,15689,0.7415386576582319,0.07113264070367774,0.41073363503091337,0.27280260054815475,0.027598954681624068,0.012046656893364777,0.0002549557014468736,12.639607493309546,20.0,0.05189181223297278,0.09999644369201705,0.1777159470919157,0.6462604414766175
WideA,vwap_0935_1030,7.0,10000000.0,0.1175577076376035,0.1043331450096967,0.6139925524269351,-0.40009690613043203,2.42623856288897,34262385.6288897,15674,0.7421207094551486,0.07171111394666327,0.40921270894474926,0.2747862702564757,0.027625366849559782,0.012058185530177365,0.00025519969376036747,12.910309278350516,20.0,0.05180127547270363,0.09999636698130852,0.1770225255562843,0.6452064433053791
WideA,vwap_0935_1030,10.0,10000000.0,0.11437400483807299,0.10078856945823533,0.5968361023333976,-0.4161612995464947,2.2922482909037774,32922482.909037773,15681,0.7433199413302723,0.07276321663159237,0.4067342643964033,0.2764492060455328,0.027613034882979403,0.012052802754926343,0.00025508577259103374,13.312585969738652,20.0,0.05153992262490811,0.09999617151229444,0.17584093819855856,0.6413198222899391
WideA,vwap_0935_1030,15.0,10000000.0,0.1082470203414413,0.09400870654147386,0.564042500806555,-0.444641991223079,2.0492870434167036,30492870.43416704,15652,0.7431638129312548,0.07296192179913111,0.4033989266547406,0.28041144901610016,0.027664196268847432,0.012075134168157423,0.0002555583950932788,14.047277739490006,20.0,0.05109229867100313,0.09999598324454731,0.1736698153638872,0.6335401277158231
WideA,vwap_0935_1030,20.0,10000000.0,0.1008064548984036,0.08582900622500422,0.5243196990050156,-0.4753782895472899,1.7781394803337989,27781394.803337988,15615,0.7396093499839898,0.0744156260006404,0.3993595901376881,0.2796669868715978,0.027729747038104387,0.012103746397694525,0.00025616394492475184,14.886563343250536,20.0,0.050647757645370814,0.0999956771042327,0.17109899522024585,0.6189090908062601
WideA,vwap_0935_1030,5.0,30000000.0,0.10895809025180742,0.09362589526750287,0.5423803537190195,-0.5649919035670476,2.0360733902186805,91082201.70656042,17199,0.7733589162160591,0.05628234199662771,0.5450898308041165,0.18303389731961162,0.025175882318739462,0.01098901098901099,0.00017442874585731728,15.171030743638717,20.0,0.06585196199198466,0.0999989128465301,0.25956587025336647,0.799718413696782
WideA,vwap_0935_1030,7.0,30000000.0,0.1083899473793151,0.0930031359213852,0.5395417916960384,-0.5665306883385399,2.0146897891441653,90440693.67432496,17190,0.773240255962769,0.05654450261780105,0.5452006980802793,0.18266433973240256,0.025189063408958698,0.01099476439790576,0.00017452006980802793,15.340362560118386,20.0,0.0658483504637121,0.0999989128624388,0.2593369891161873,0.7992391056931675
WideA,vwap_0935_1030,10.0,30000000.0,0.10747051614638786,0.09199651982330659,0.5349511535565838,-0.5692656660998313,1.9804183642605206,89412550.92781562,17181,0.7734706943716897,0.05541004598102555,0.5443222164018392,0.18473895582329317,0.025202258308596705,0.011000523834468309,0.00017461148943600488,15.591995809969807,20.0,0.06571581741609447,0.09999890270378846,0.2589435306300394,0.798486813039275
WideA,vwap_0935_1030,15.0,30000000.0,0.10522633828045393,0.08953961972599833,0.5237081804993632,-0.5759717980182846,1.8982689075069228,86948067.22520769,17165,0.7716283134284883,0.055927759976696766,0.5427905621905039,0.18339644625691814,0.025225750072822604,0.011010777745412176,0.0001747742499271774,16.04603517432891,20.0,0.06558945789457858,0.09999889469389409,0.2579741409247584,0.7973841378015267
WideA,vwap_0935_1030,20.0,30000000.0,0.10166241582951509,0.08564966093390813,0.5058727310200681,-0.5875568977373099,1.7724509407773876,83173528.22332163,17136,0.7698412698412699,0.05631419234360411,0.5410247432306255,0.18242296918767506,0.02526844070961718,0.011029411764705883,0.00017507002801120448,16.57940139756354,20.0,0.06536752894961691,0.09999888076986195,0.2563171527493321,0.7949643170065962
