tag,profile,family,variant,notes,start,end,annual_return,sharpe_ratio,max_drawdown,annual_volatility,total_return,final_value,benchmark_annual,benchmark_sharpe,benchmark_drawdown,trade_count,buy_count,sell_count,win_rate,dynamic_buys,penalized_dynamic_buys,holdings_num,lookback_days,stop_loss,use_atr_stop_loss,atr_multiplier,use_short_momentum_filter,short_lookback_days,short_momentum_threshold,mr_ma_period,mr_threshold,mr_penalty,rebalance_interval,dynamic_fusion_mode,dynamic_max_slots,dynamic_max_total_weight,dynamic_score_margin,dynamic_overheat_lookback,dynamic_overheat_threshold,dynamic_overheat_penalty,alpha_vs_hs300
ABL_F2_STATIC_BASE_BASE,F2_STATIC,BASE,BASE,baseline,2013-07-01,2026-06-25,0.2872117619811729,1.4051492404368588,-0.2509889578458559,0.2043994713984112,26.919815405080065,13959907.702540033,0.041871715493522345,0.2174366296897144,-0.45602619306224157,5881,3407,2474,0.46160064672594986,0,0,5,25,0.95,True,2.0,True,10,0.0,0,1.3,0.5,1,union,1,0.2,0.05,20,0.1,0.5,0.24534004648765054
ABL_F2_STATIC_HOLD_H3,F2_STATIC,HOLD,H3,holdings_num=3,2013-07-01,2026-06-25,0.2856857937142547,1.1883389862536615,-0.3237317442981879,0.2404076589415812,23.769755056760072,12384877.528380036,0.041871715493522345,0.2174366296897144,-0.45602619306224157,4344,2405,1939,0.46106240330067044,0,0,3,25,0.95,True,2.0,True,10,0.0,0,1.3,0.5,1,union,1,0.2,0.05,20,0.1,0.5,0.24381407822073234
ABL_F2_STATIC_HOLD_H4,F2_STATIC,HOLD,H4,holdings_num=4,2013-07-01,2026-06-25,0.3057152176578226,1.3903521116571909,-0.2561280550219587,0.219883305167519,32.761682883200066,16880841.441600032,0.041871715493522345,0.2174366296897144,-0.45602619306224157,5215,2977,2238,0.46559428060768543,0,0,4,25,0.95,True,2.0,True,10,0.0,0,1.3,0.5,1,union,1,0.2,0.05,20,0.1,0.5,0.26384350216430025
ABL_F2_STATIC_HOLD_H5,F2_STATIC,HOLD,H5,holdings_num=5,2013-07-01,2026-06-25,0.2872117619811729,1.4051492404368588,-0.2509889578458559,0.2043994713984112,26.919815405080065,13959907.702540033,0.041871715493522345,0.2174366296897144,-0.45602619306224157,5881,3407,2474,0.46160064672594986,0,0,5,25,0.95,True,2.0,True,10,0.0,0,1.3,0.5,1,union,1,0.2,0.05,20,0.1,0.5,0.24534004648765054
ABL_F2_STATIC_HOLD_H6,F2_STATIC,HOLD,H6,holdings_num=6,2013-07-01,2026-06-25,0.2546079577707515,1.320842505803269,-0.2298111619274123,0.192761783976593,18.124499620920048,9562249.810460024,0.041871715493522345,0.2174366296897144,-0.45602619306224157,6233,3618,2615,0.45277246653919695,0,0,6,25,0.95,True,2.0,True,10,0.0,0,1.3,0.5,1,union,1,0.2,0.05,20,0.1,0.5,0.21273624227722918
ABL_F2_STATIC_HOLD_H8,F2_STATIC,HOLD,H8,holdings_num=8,2013-07-01,2026-06-25,0.2389410111858147,1.3649739904765934,-0.2014134793206354,0.1750516953824052,15.37297094472004,8186485.472360021,0.041871715493522345,0.2174366296897144,-0.45602619306224157,6732,3972,2760,0.4532608695652174,0,0,8,25,0.95,True,2.0,True,10,0.0,0,1.3,0.5,1,union,1,0.2,0.05,20,0.1,0.5,0.19706929569229237
ABL_F2_STATIC_STOP_SL90,F2_STATIC,STOP,SL90,fixed stop loss=0.90,2013-07-01,2026-06-25,0.2872210598225105,1.40513040404856,-0.2509876864831764,0.2044088285293301,26.922375551040044,13961187.775520025,0.041871715493522345,0.2174366296897144,-0.45602619306224157,5885,3414,2471,0.46094698502630516,0,0,5,25,0.9,True,2.0,True,10,0.0,0,1.3,0.5,1,union,1,0.2,0.05,20,0.1,0.5,0.24534934432898817
ABL_F2_STATIC_STOP_SL93,F2_STATIC,STOP,SL93,fixed stop loss=0.93,2013-07-01,2026-06-25,0.2872454832409255,1.405253396600782,-0.2511032517374519,0.2044083180554866,26.930936814120056,13965468.407060027,0.041871715493522345,0.2174366296897144,-0.45602619306224157,5876,3410,2466,0.4610705596107056,0,0,5,25,0.93,True,2.0,True,10,0.0,0,1.3,0.5,1,union,1,0.2,0.05,20,0.1,0.5,0.2453737677474032
ABL_F2_STATIC_STOP_SL95,F2_STATIC,STOP,SL95,fixed stop loss=0.95,2013-07-01,2026-06-25,0.2872117619811729,1.4051492404368588,-0.2509889578458559,0.2043994713984112,26.919815405080065,13959907.702540033,0.041871715493522345,0.2174366296897144,-0.45602619306224157,5881,3407,2474,0.46160064672594986,0,0,5,25,0.95,True,2.0,True,10,0.0,0,1.3,0.5,1,union,1,0.2,0.05,20,0.1,0.5,0.24534004648765054
ABL_F2_STATIC_STOP_SL97,F2_STATIC,STOP,SL97,fixed stop loss=0.97,2013-07-01,2026-06-25,0.2866420277502021,1.4024289594909771,-0.251327721711557,0.2043896953284829,26.722342152760056,13861171.076380027,0.041871715493522345,0.2174366296897144,-0.45602619306224157,5995,3469,2526,0.4564528899445764,0,0,5,25,0.97,True,2.0,True,10,0.0,0,1.3,0.5,1,union,1,0.2,0.05,20,0.1,0.5,0.24477031225667975
ABL_F2_STATIC_STOP_SL99,F2_STATIC,STOP,SL99,fixed stop loss=0.99,2013-07-01,2026-06-25,0.283447960376286,1.3868844969471144,-0.2515397907067578,0.2043774813261141,25.638126173960067,13319063.086980034,0.041871715493522345,0.2174366296897144,-0.45602619306224157,6756,3816,2940,0.4248299319727891,0,0,5,25,0.99,True,2.0,True,10,0.0,0,1.3,0.5,1,union,1,0.2,0.05,20,0.1,0.5,0.24157624488276366
ABL_F2_STATIC_STOP_SL_OFF,F2_STATIC,STOP,SL_OFF,disable fixed stop loss,2013-07-01,2026-06-25,0.2886412484176757,1.4114449653815422,-0.2509876864831764,0.2045005334938087,27.415742018480056,14207871.009240028,0.041871715493522345,0.2174366296897144,-0.45602619306224157,5883,3413,2470,0.46072874493927124,0,0,5,25,0.0,True,2.0,True,10,0.0,0,1.3,0.5,1,union,1,0.2,0.05,20,0.1,0.5,0.24676953292415335
ABL_F2_STATIC_ATR_ATR1p5,F2_STATIC,ATR,ATR1p5,ATR multiplier=1.5,2013-07-01,2026-06-25,0.2866417031874795,1.4022043814236502,-0.251087131020593,0.2044221990637726,26.720056809240035,13860028.404620018,0.041871715493522345,0.2174366296897144,-0.45602619306224157,5980,3450,2530,0.458102766798419,0,0,5,25,0.95,True,1.5,True,10,0.0,0,1.3,0.5,1,union,1,0.2,0.05,20,0.1,0.5,0.24476998769395716
ABL_F2_STATIC_ATR_ATR2p0,F2_STATIC,ATR,ATR2p0,ATR multiplier=2.0,2013-07-01,2026-06-25,0.2872117619811729,1.4051492404368588,-0.2509889578458559,0.2043994713984112,26.919815405080065,13959907.702540033,0.041871715493522345,0.2174366296897144,-0.45602619306224157,5881,3407,2474,0.46160064672594986,0,0,5,25,0.95,True,2.0,True,10,0.0,0,1.3,0.5,1,union,1,0.2,0.05,20,0.1,0.5,0.24534004648765054
ABL_F2_STATIC_ATR_ATR2p5,F2_STATIC,ATR,ATR2p5,ATR multiplier=2.5,2013-07-01,2026-06-25,0.2908992123625547,1.4237667510185,-0.2510684429297355,0.2043166214932735,28.242467054480045,14621233.527240025,0.041871715493522345,0.2174366296897144,-0.45602619306224157,5826,3390,2436,0.4630541871921182,0,0,5,25,0.95,True,2.5,True,10,0.0,0,1.3,0.5,1,union,1,0.2,0.05,20,0.1,0.5,0.2490274968690324
ABL_F2_STATIC_ATR_ATR3p0,F2_STATIC,ATR,ATR3p0,ATR multiplier=3.0,2013-07-01,2026-06-25,0.2908987384698658,1.423781676671435,-0.2510683843524395,0.20431414677982,28.242473349120047,14621236.674560023,0.041871715493522345,0.2174366296897144,-0.45602619306224157,5820,3387,2433,0.4632141389231402,0,0,5,25,0.95,True,3.0,True,10,0.0,0,1.3,0.5,1,union,1,0.2,0.05,20,0.1,0.5,0.24902702297634347
ABL_F2_STATIC_ATR_ATR_OFF,F2_STATIC,ATR,ATR_OFF,disable ATR stop,2013-07-01,2026-06-25,0.2900588780469969,1.4200231706087785,-0.25086576365845,0.2042634824913777,27.94093746260005,14470468.731300026,0.041871715493522345,0.2174366296897144,-0.45602619306224157,5819,3388,2431,0.46194981489099135,0,0,5,25,0.95,False,2.0,True,10,0.0,0,1.3,0.5,1,union,1,0.2,0.05,20,0.1,0.5,0.2481871625534746
ABL_F2_STATIC_SHORT_MOM_SM_OFF,F2_STATIC,SHORT_MOM,SM_OFF,disable short momentum hard filter,2013-07-01,2026-06-25,0.2710655464058207,1.2561245600334203,-0.3691287866155377,0.2157951170054415,21.146658516960056,11073329.258480027,0.041871715493522345,0.2174366296897144,-0.45602619306224157,5378,3104,2274,0.4788918205804749,0,0,5,25,0.95,True,2.0,False,10,0.0,0,1.3,0.5,1,union,1,0.2,0.05,20,0.1,0.5,0.22919383091229836
ABL_F2_STATIC_SHORT_MOM_SMN0p5,F2_STATIC,SHORT_MOM,SMN0p5,short annualized momentum threshold=-0.50,2013-07-01,2026-06-25,0.2494810919096565,1.2107020204810712,-0.3048832335340654,0.206063166402023,16.326747975040035,8663373.987520019,0.041871715493522345,0.2174366296897144,-0.45602619306224157,5356,3066,2290,0.47117903930131005,0,0,5,25,0.95,True,2.0,True,10,-0.5,0,1.3,0.5,1,union,1,0.2,0.05,20,0.1,0.5,0.20760937641613417
ABL_F2_STATIC_SHORT_MOM_SMN0p25,F2_STATIC,SHORT_MOM,SMN0p25,short annualized momentum threshold=-0.25,2013-07-01,2026-06-25,0.2571957741461068,1.2991616003621502,-0.2428815817773978,0.197970578929066,18.50427322928005,9752136.614640024,0.041871715493522345,0.2174366296897144,-0.45602619306224157,5620,3220,2400,0.4625,0,0,5,25,0.95,True,2.0,True,10,-0.25,0,1.3,0.5,1,union,1,0.2,0.05,20,0.1,0.5,0.21532405865258444
ABL_F2_STATIC_SHORT_MOM_SM0p0,F2_STATIC,SHORT_MOM,SM0p0,short annualized momentum threshold=0.00,2013-07-01,2026-06-25,0.2872117619811729,1.4051492404368588,-0.2509889578458559,0.2043994713984112,26.919815405080065,13959907.702540033,0.041871715493522345,0.2174366296897144,-0.45602619306224157,5881,3407,2474,0.46160064672594986,0,0,5,25,0.95,True,2.0,True,10,0.0,0,1.3,0.5,1,union,1,0.2,0.05,20,0.1,0.5,0.24534004648765054
ABL_F2_STATIC_SHORT_MOM_SM0p25,F2_STATIC,SHORT_MOM,SM0p25,short annualized momentum threshold=0.25,2013-07-01,2026-06-25,0.3548826379278352,1.236767670623986,-0.5795281900486705,0.2869436567247803,46.38113088392008,23690565.44196004,0.041871715493522345,0.2174366296897144,-0.45602619306224157,5154,2995,2159,0.47383047707271886,0,0,5,25,0.95,True,2.0,True,10,0.25,0,1.3,0.5,1,union,1,0.2,0.05,20,0.1,0.5,0.31301092243431283
ABL_F2_STATIC_SHORT_MOM_SM0p5,F2_STATIC,SHORT_MOM,SM0p5,short annualized momentum threshold=0.50,2013-07-01,2026-06-25,0.3063388529093422,1.0385878289994277,-0.5719751737416645,0.2949570988179865,24.08655834044008,12543279.17022004,0.041871715493522345,0.2174366296897144,-0.45602619306224157,4922,2816,2106,0.4757834757834758,0,0,5,25,0.95,True,2.0,True,10,0.5,0,1.3,0.5,1,union,1,0.2,0.05,20,0.1,0.5,0.26446713741581984
ABL_F2_STATIC_LOOKBACK_LB20,F2_STATIC,LOOKBACK,LB20,regression lookback=20 trading days,2013-07-01,2026-06-25,0.2638114069501609,1.2999871813346415,-0.2075531013142592,0.2029338525317741,19.921330893120043,10460665.44656002,0.041871715493522345,0.2174366296897144,-0.45602619306224157,5995,3460,2535,0.4552268244575937,0,0,5,20,0.95,True,2.0,True,10,0.0,0,1.3,0.5,1,union,1,0.2,0.05,20,0.1,0.5,0.22193969145663858
ABL_F2_STATIC_LOOKBACK_LB25,F2_STATIC,LOOKBACK,LB25,regression lookback=25 trading days,2013-07-01,2026-06-25,0.2872117619811729,1.4051492404368588,-0.2509889578458559,0.2043994713984112,26.919815405080065,13959907.702540033,0.041871715493522345,0.2174366296897144,-0.45602619306224157,5881,3407,2474,0.46160064672594986,0,0,5,25,0.95,True,2.0,True,10,0.0,0,1.3,0.5,1,union,1,0.2,0.05,20,0.1,0.5,0.24534004648765054
ABL_F2_STATIC_LOOKBACK_LB30,F2_STATIC,LOOKBACK,LB30,regression lookback=30 trading days,2013-07-01,2026-06-25,0.2774804477341228,1.375070809940534,-0.3024579903476957,0.2017935699952227,23.89102956024006,12445514.78012003,0.041871715493522345,0.2174366296897144,-0.45602619306224157,5703,3290,2413,0.45876502279320347,0,0,5,30,0.95,True,2.0,True,10,0.0,0,1.3,0.5,1,union,1,0.2,0.05,20,0.1,0.5,0.23560873224060044
ABL_F2_STATIC_LOOKBACK_LB40,F2_STATIC,LOOKBACK,LB40,regression lookback=40 trading days,2013-07-01,2026-06-25,0.2248957927995387,1.1429878032695528,-0.2330220179339788,0.1967613233983925,12.062891265520038,6531445.632760019,0.041871715493522345,0.2174366296897144,-0.45602619306224157,5497,3132,2365,0.440169133192389,0,0,5,40,0.95,True,2.0,True,10,0.0,0,1.3,0.5,1,union,1,0.2,0.05,20,0.1,0.5,0.18302407730601636
ABL_F2_STATIC_REBAL_RB1,F2_STATIC,REBAL,RB1,rebalance every 1 trading day(s),2013-07-01,2026-06-25,0.2872117619811729,1.4051492404368588,-0.2509889578458559,0.2043994713984112,26.919815405080065,13959907.702540033,0.041871715493522345,0.2174366296897144,-0.45602619306224157,5881,3407,2474,0.46160064672594986,0,0,5,25,0.95,True,2.0,True,10,0.0,0,1.3,0.5,1,union,1,0.2,0.05,20,0.1,0.5,0.24534004648765054
ABL_F2_STATIC_REBAL_RB2,F2_STATIC,REBAL,RB2,rebalance every 2 trading day(s),2013-07-01,2026-06-25,0.2535578210487953,1.2504394979068545,-0.262051130986857,0.2027749615021221,17.40969151472004,9204845.75736002,0.041871715493522345,0.2174366296897144,-0.45602619306224157,4207,2385,1822,0.4621295279912184,0,0,5,25,0.95,True,2.0,True,10,0.0,0,1.3,0.5,2,union,1,0.2,0.05,20,0.1,0.5,0.21168610555527298
ABL_F2_STATIC_REBAL_RB3,F2_STATIC,REBAL,RB3,rebalance every 3 trading day(s),2013-07-01,2026-06-25,0.2331611494665916,1.1672364865399014,-0.2452781786203428,0.1997548501570261,13.372217027200026,7186108.513600013,0.041871715493522345,0.2174366296897144,-0.45602619306224157,3364,1864,1500,0.48333333333333334,0,0,5,25,0.95,True,2.0,True,10,0.0,0,1.3,0.5,3,union,1,0.2,0.05,20,0.1,0.5,0.19128943397306927
ABL_F2_STATIC_REBAL_RB5,F2_STATIC,REBAL,RB5,rebalance every 5 trading day(s),2013-07-01,2026-06-25,0.2847341576488114,1.1436872287059947,-0.2573460850024774,0.2489615609076697,23.67527980712004,12337639.903560018,0.041871715493522345,0.2174366296897144,-0.45602619306224157,2558,1415,1143,0.49431321084864394,0,0,5,25,0.95,True,2.0,True,10,0.0,0,1.3,0.5,5,union,1,0.2,0.05,20,0.1,0.5,0.24286244215528904
ABL_F2_STATIC_MA_OVERHEAT_MR20_T110_P50,F2_STATIC,MA_OVERHEAT,MR20_T110_P50,penalize price/MA20>=1.10 by x0.50,2013-07-01,2026-06-25,0.2924274930846714,1.4412654412678003,-0.2510546940793325,0.2028963469959005,28.916231404240055,14958115.702120028,0.041871715493522345,0.2174366296897144,-0.45602619306224157,5978,3479,2499,0.46338535414165666,0,0,5,25,0.95,True,2.0,True,10,0.0,20,1.1,0.5,1,union,1,0.2,0.05,20,0.1,0.5,0.25055577759114905
ABL_F2_STATIC_MA_OVERHEAT_MR20_T114_P50,F2_STATIC,MA_OVERHEAT,MR20_T114_P50,penalize price/MA20>=1.15 by x0.50,2013-07-01,2026-06-25,0.2923946930433521,1.4310355660145844,-0.2511940353551258,0.2043238476997937,28.80077774632007,14900388.873160034,0.041871715493522345,0.2174366296897144,-0.45602619306224157,5905,3423,2482,0.46253021756647866,0,0,5,25,0.95,True,2.0,True,10,0.0,20,1.15,0.5,1,union,1,0.2,0.05,20,0.1,0.5,0.2505229775498297
ABL_F2_STATIC_MA_OVERHEAT_MR20_T120_P50,F2_STATIC,MA_OVERHEAT,MR20_T120_P50,penalize price/MA20>=1.20 by x0.50,2013-07-01,2026-06-25,0.2881624222278219,1.4080732108724563,-0.2511179787458393,0.2046501701777804,27.23817411648005,14119087.058240024,0.041871715493522345,0.2174366296897144,-0.45602619306224157,5882,3404,2478,0.4596448748991122,0,0,5,25,0.95,True,2.0,True,10,0.0,20,1.2,0.5,1,union,1,0.2,0.05,20,0.1,0.5,0.24629070673429956
ABL_F2_STATIC_MA_OVERHEAT_MR40_T114_P50,F2_STATIC,MA_OVERHEAT,MR40_T114_P50,penalize price/MA40>=1.15 by x0.50,2013-07-01,2026-06-25,0.2919848264599488,1.4421860121759815,-0.2511703557816382,0.2024598935191444,28.784136240000063,14892068.12000003,0.041871715493522345,0.2174366296897144,-0.45602619306224157,5944,3453,2491,0.4632677639502208,0,0,5,25,0.95,True,2.0,True,10,0.0,40,1.15,0.5,1,union,1,0.2,0.05,20,0.1,0.5,0.2501131109664264
ABL_F2_STATIC_MA_OVERHEAT_MR60_T114_P50,F2_STATIC,MA_OVERHEAT,MR60_T114_P50,penalize price/MA60>=1.15 by x0.50,2013-07-01,2026-06-25,0.2917968677845809,1.4419876356290415,-0.2511648278699628,0.2023573993110486,28.722813101840057,14861406.550920028,0.041871715493522345,0.2174366296897144,-0.45602619306224157,5973,3474,2499,0.460984393757503,0,0,5,25,0.95,True,2.0,True,10,0.0,60,1.15,0.5,1,union,1,0.2,0.05,20,0.1,0.5,0.24992515229105858
ABL_F2_STATIC_MA_OVERHEAT_MR20_T114_P30,F2_STATIC,MA_OVERHEAT,MR20_T114_P30,penalize price/MA20>=1.15 by x0.30,2013-07-01,2026-06-25,0.2879978716714467,1.4131973164310554,-0.2512295153066192,0.2037916915939013,27.243697679000057,14121848.839500029,0.041871715493522345,0.2174366296897144,-0.45602619306224157,5966,3459,2507,0.4623055444754687,0,0,5,25,0.95,True,2.0,True,10,0.0,20,1.15,0.3,1,union,1,0.2,0.05,20,0.1,0.5,0.24612615617792435
ABL_F2_STATIC_MA_OVERHEAT_MR20_T114_P70,F2_STATIC,MA_OVERHEAT,MR20_T114_P70,penalize price/MA20>=1.15 by x0.70,2013-07-01,2026-06-25,0.2916901836412868,1.4223912633453657,-0.2510872724612837,0.2050702863256146,28.48031204508005,14740156.022540024,0.041871715493522345,0.2174366296897144,-0.45602619306224157,5888,3414,2474,0.46281325788197253,0,0,5,25,0.95,True,2.0,True,10,0.0,20,1.15,0.7,1,union,1,0.2,0.05,20,0.1,0.5,0.24981846814776446
ABL_F2_CAP_BASE_BASE,F2_CAP,BASE,BASE,baseline,2013-07-01,2026-06-25,0.2969746652289641,1.4096367447174234,-0.22425615338448235,0.21067460559741283,30.03205398084005,15516026.990420025,0.04187183454632759,0.21743722022347015,-0.45602619647979736,6604,3848,2756,0.4589985486211901,505,134,5,25,0.95,True,2.0,True,10,0.0,0,1.3,0.5,1,capped,1,0.1,0.05,20,0.1,0.5,0.2551028306826365
ABL_F2_CAP_HOLD_H3,F2_CAP,HOLD,H3,holdings_num=3,2013-07-01,2026-06-25,0.2835201053590969,1.1387297726497796,-0.3096136470258579,0.24897926810094434,22.478314398640048,11739157.199320024,0.04187183454632759,0.21743722022347015,-0.45602619647979736,4816,2691,2125,0.4677647058823529,340,93,3,25,0.95,True,2.0,True,10,0.0,0,1.3,0.5,1,capped,1,0.1,0.05,20,0.1,0.5,0.2416482708127693
ABL_F2_CAP_HOLD_H4,F2_CAP,HOLD,H4,holdings_num=4,2013-07-01,2026-06-25,0.29630456171863384,1.3067003765422665,-0.24327367930082322,0.22675784520909228,28.438594312720053,14719297.156360026,0.04187183454632759,0.21743722022347015,-0.45602619647979736,5839,3339,2500,0.4576,445,122,4,25,0.95,True,2.0,True,10,0.0,0,1.3,0.5,1,capped,1,0.1,0.05,20,0.1,0.5,0.25443272717230625
ABL_F2_CAP_HOLD_H5,F2_CAP,HOLD,H5,holdings_num=5,2013-07-01,2026-06-25,0.2969746652289641,1.4096367447174234,-0.22425615338448235,0.21067460559741283,30.03205398084005,15516026.990420025,0.04187183454632759,0.21743722022347015,-0.45602619647979736,6604,3848,2756,0.4589985486211901,505,134,5,25,0.95,True,2.0,True,10,0.0,0,1.3,0.5,1,capped,1,0.1,0.05,20,0.1,0.5,0.2551028306826365
ABL_F2_CAP_HOLD_H6,F2_CAP,HOLD,H6,holdings_num=6,2013-07-01,2026-06-25,0.2737603867877674,1.3870591725608197,-0.2276282838353958,0.19736748958037947,23.02814274088005,12014071.370440025,0.04187183454632759,0.21743722022347015,-0.45602619647979736,7118,4165,2953,0.462241788012191,560,138,6,25,0.95,True,2.0,True,10,0.0,0,1.3,0.5,1,capped,1,0.1,0.05,20,0.1,0.5,0.23188855224143978
ABL_F2_CAP_HOLD_H8,F2_CAP,HOLD,H8,holdings_num=8,2013-07-01,2026-06-25,0.23763093884667463,1.3243717959311616,-0.20141347932063547,0.17942917508266407,14.95259243704004,7976296.21852002,0.04187183454632759,0.21743722022347015,-0.45602619647979736,7733,4525,3208,0.4445137157107232,616,152,8,25,0.95,True,2.0,True,10,0.0,0,1.3,0.5,1,capped,1,0.1,0.05,20,0.1,0.5,0.19575910430034704
ABL_F2_CAP_STOP_SL90,F2_CAP,STOP,SL90,fixed stop loss=0.90,2013-07-01,2026-06-25,0.29700733878054425,1.4097728742485491,-0.22417397925433025,0.2106774390441141,30.044482006000052,15522241.003000027,0.04187183454632759,0.21743722022347015,-0.45602619647979736,6583,3839,2744,0.4588192419825073,503,134,5,25,0.9,True,2.0,True,10,0.0,0,1.3,0.5,1,capped,1,0.1,0.05,20,0.1,0.5,0.25513550423421666
ABL_F2_CAP_STOP_SL93,F2_CAP,STOP,SL93,fixed stop loss=0.93,2013-07-01,2026-06-25,0.29700386959791286,1.4097560800352245,-0.22417397925433025,0.21067748797401312,30.043132532000055,15521566.266000027,0.04187183454632759,0.21743722022347015,-0.45602619647979736,6585,3840,2745,0.4586520947176685,503,134,5,25,0.93,True,2.0,True,10,0.0,0,1.3,0.5,1,capped,1,0.1,0.05,20,0.1,0.5,0.25513203505158527
ABL_F2_CAP_STOP_SL95,F2_CAP,STOP,SL95,fixed stop loss=0.95,2013-07-01,2026-06-25,0.2969746652289641,1.4096367447174234,-0.22425615338448235,0.21067460559741283,30.03205398084005,15516026.990420025,0.04187183454632759,0.21743722022347015,-0.45602619647979736,6604,3848,2756,0.4589985486211901,505,134,5,25,0.95,True,2.0,True,10,0.0,0,1.3,0.5,1,capped,1,0.1,0.05,20,0.1,0.5,0.2551028306826365
ABL_F2_CAP_STOP_SL97,F2_CAP,STOP,SL97,fixed stop loss=0.97,2013-07-01,2026-06-25,0.2967933972252388,1.4089363095351974,-0.2239161428881995,0.21065068393556396,29.963773644960053,15481886.822480027,0.04187183454632759,0.21743722022347015,-0.45602619647979736,6695,3895,2800,0.4567857142857143,513,135,5,25,0.97,True,2.0,True,10,0.0,0,1.3,0.5,1,capped,1,0.1,0.05,20,0.1,0.5,0.2549215626789112
ABL_F2_CAP_STOP_SL99,F2_CAP,STOP,SL99,fixed stop loss=0.99,2013-07-01,2026-06-25,0.2967384385854325,1.409245094373669,-0.23143737636836204,0.21056552885665086,29.9491909065201,15474595.453260051,0.04187183454632759,0.21743722022347015,-0.45602619647979736,7451,4224,3227,0.42640223117446546,545,149,5,25,0.99,True,2.0,True,10,0.0,0,1.3,0.5,1,capped,1,0.1,0.05,20,0.1,0.5,0.2548666040391049
ABL_F2_CAP_STOP_SL_OFF,F2_CAP,STOP,SL_OFF,disable fixed stop loss,2013-07-01,2026-06-25,0.29842404911105536,1.4159031836252567,-0.22417397925433025,0.21076585783709803,30.591665086080056,15795832.543040028,0.04187183454632759,0.21743722022347015,-0.45602619647979736,6581,3838,2743,0.4586219467736055,503,134,5,25,0.0,True,2.0,True,10,0.0,0,1.3,0.5,1,capped,1,0.1,0.05,20,0.1,0.5,0.25655221456472777
ABL_F2_CAP_ATR_ATR1p5,F2_CAP,ATR,ATR1p5,ATR multiplier=1.5,2013-07-01,2026-06-25,0.2957496589444911,1.4035609652956944,-0.23379496356878426,0.2107137960210971,29.55751772472005,15278758.862360025,0.04187183454632759,0.21743722022347015,-0.45602619647979736,6703,3897,2806,0.4586600142551675,514,135,5,25,0.95,True,1.5,True,10,0.0,0,1.3,0.5,1,capped,1,0.1,0.05,20,0.1,0.5,0.25387782439816353
ABL_F2_CAP_ATR_ATR2p0,F2_CAP,ATR,ATR2p0,ATR multiplier=2.0,2013-07-01,2026-06-25,0.2969746652289641,1.4096367447174234,-0.22425615338448235,0.21067460559741283,30.03205398084005,15516026.990420025,0.04187183454632759,0.21743722022347015,-0.45602619647979736,6604,3848,2756,0.4589985486211901,505,134,5,25,0.95,True,2.0,True,10,0.0,0,1.3,0.5,1,capped,1,0.1,0.05,20,0.1,0.5,0.2551028306826365
ABL_F2_CAP_ATR_ATR2p5,F2_CAP,ATR,ATR2p5,ATR multiplier=2.5,2013-07-01,2026-06-25,0.30064478343260886,1.427603125977399,-0.22423098574997347,0.21059409156643197,31.495087447400053,16247543.723700026,0.04187183454632759,0.21743722022347015,-0.45602619647979736,6541,3822,2719,0.4593600588451637,503,133,5,25,0.95,True,2.5,True,10,0.0,0,1.3,0.5,1,capped,1,0.1,0.05,20,0.1,0.5,0.2587729488862813
ABL_F2_CAP_ATR_ATR3p0,F2_CAP,ATR,ATR3p0,ATR multiplier=3.0,2013-07-01,2026-06-25,0.30066889930374674,1.4277209709044434,-0.2240760414542997,0.21059360017194168,31.504920514880055,16252460.257440027,0.04187183454632759,0.21743722022347015,-0.45602619647979736,6535,3821,2714,0.45983787767133383,505,134,5,25,0.95,True,3.0,True,10,0.0,0,1.3,0.5,1,capped,1,0.1,0.05,20,0.1,0.5,0.25879706475741915
ABL_F2_CAP_ATR_ATR_OFF,F2_CAP,ATR,ATR_OFF,disable ATR stop,2013-07-01,2026-06-25,0.30066889930374674,1.4277209709044434,-0.2240760414542997,0.21059360017194168,31.504920514880055,16252460.257440027,0.04187183454632759,0.21743722022347015,-0.45602619647979736,6535,3821,2714,0.45983787767133383,505,134,5,25,0.95,False,2.0,True,10,0.0,0,1.3,0.5,1,capped,1,0.1,0.05,20,0.1,0.5,0.25879706475741915
ABL_F2_CAP_SHORT_MOM_SM_OFF,F2_CAP,SHORT_MOM,SM_OFF,disable short momentum hard filter,2013-07-01,2026-06-25,0.2530353771114482,1.1430007556414443,-0.3691287866155377,0.22137813633329265,16.41344679524003,8706723.397620015,0.04187183454632759,0.21743722022347015,-0.45602619647979736,5909,3403,2506,0.4720670391061452,414,130,5,25,0.95,True,2.0,False,10,0.0,0,1.3,0.5,1,capped,1,0.1,0.05,20,0.1,0.5,0.2111635425651206
ABL_F2_CAP_SHORT_MOM_SMN0p5,F2_CAP,SHORT_MOM,SMN0p5,short annualized momentum threshold=-0.50,2013-07-01,2026-06-25,0.24958143958697845,1.1798910929998554,-0.29592697907260024,0.21152921745719885,16.110302010440055,8555151.005220028,0.04187183454632759,0.21743722022347015,-0.45602619647979736,5950,3434,2516,0.47178060413354533,438,129,5,25,0.95,True,2.0,True,10,-0.5,0,1.3,0.5,1,capped,1,0.1,0.05,20,0.1,0.5,0.20770960504065086
ABL_F2_CAP_SHORT_MOM_SMN0p25,F2_CAP,SHORT_MOM,SMN0p25,short annualized momentum threshold=-0.25,2013-07-01,2026-06-25,0.26156576479878224,1.2737776044326277,-0.2525479451233059,0.20534649368033925,19.21956746496004,10109783.73248002,0.04187183454632759,0.21743722022347015,-0.45602619647979736,6307,3647,2660,0.46015037593984964,480,137,5,25,0.95,True,2.0,True,10,-0.25,0,1.3,0.5,1,capped,1,0.1,0.05,20,0.1,0.5,0.21969393025245465
ABL_F2_CAP_SHORT_MOM_SM0p0,F2_CAP,SHORT_MOM,SM0p0,short annualized momentum threshold=0.00,2013-07-01,2026-06-25,0.2969746652289641,1.4096367447174234,-0.22425615338448235,0.21067460559741283,30.03205398084005,15516026.990420025,0.04187183454632759,0.21743722022347015,-0.45602619647979736,6604,3848,2756,0.4589985486211901,505,134,5,25,0.95,True,2.0,True,10,0.0,0,1.3,0.5,1,capped,1,0.1,0.05,20,0.1,0.5,0.2551028306826365
ABL_F2_CAP_SHORT_MOM_SM0p25,F2_CAP,SHORT_MOM,SM0p25,short annualized momentum threshold=0.25,2013-07-01,2026-06-25,0.34941942306985274,1.2146874906195917,-0.5971560895459799,0.28766199188535296,43.13771673104012,22068858.36552006,0.04187183454632759,0.21743722022347015,-0.45602619647979736,5842,3397,2445,0.4756646216768916,458,133,5,25,0.95,True,2.0,True,10,0.25,0,1.3,0.5,1,capped,1,0.1,0.05,20,0.1,0.5,0.30754758852352515
ABL_F2_CAP_SHORT_MOM_SM0p5,F2_CAP,SHORT_MOM,SM0p5,short annualized momentum threshold=0.50,2013-07-01,2026-06-25,0.31263628262734383,1.0492972311907038,-0.5834858898119035,0.2979482584477762,25.84383724544008,13421918.62272004,0.04187183454632759,0.21743722022347015,-0.45602619647979736,5688,3271,2417,0.48034753827058335,458,142,5,25,0.95,True,2.0,True,10,0.5,0,1.3,0.5,1,capped,1,0.1,0.05,20,0.1,0.5,0.27076444808101624
ABL_F2_CAP_LOOKBACK_LB20,F2_CAP,LOOKBACK,LB20,regression lookback=20 trading days,2013-07-01,2026-06-25,0.2669800020653045,1.2672589857724221,-0.2075531013142592,0.21067516984507653,20.330645980920057,10665322.990460029,0.04187183454632759,0.21743722022347015,-0.45602619647979736,6696,3877,2819,0.45548066690315714,503,121,5,20,0.95,True,2.0,True,10,0.0,0,1.3,0.5,1,capped,1,0.1,0.05,20,0.1,0.5,0.2251081675189769
ABL_F2_CAP_LOOKBACK_LB25,F2_CAP,LOOKBACK,LB25,regression lookback=25 trading days,2013-07-01,2026-06-25,0.2969746652289641,1.4096367447174234,-0.22425615338448235,0.21067460559741283,30.03205398084005,15516026.990420025,0.04187183454632759,0.21743722022347015,-0.45602619647979736,6604,3848,2756,0.4589985486211901,505,134,5,25,0.95,True,2.0,True,10,0.0,0,1.3,0.5,1,capped,1,0.1,0.05,20,0.1,0.5,0.2551028306826365
ABL_F2_CAP_LOOKBACK_LB30,F2_CAP,LOOKBACK,LB30,regression lookback=30 trading days,2013-07-01,2026-06-25,0.2844751980117388,1.3635937531237854,-0.3024579903476957,0.2086216641577079,25.685851684400056,13342925.842200028,0.04187183454632759,0.21743722022347015,-0.45602619647979736,6465,3744,2721,0.4553472987872106,512,135,5,30,0.95,True,2.0,True,10,0.0,0,1.3,0.5,1,capped,1,0.1,0.05,20,0.1,0.5,0.24260336346541123
ABL_F2_CAP_LOOKBACK_LB40,F2_CAP,LOOKBACK,LB40,regression lookback=40 trading days,2013-07-01,2026-06-25,0.2302354463859343,1.1329464376611864,-0.22614758491990683,0.20321829764628946,12.736825719240038,6868412.859620019,0.04187183454632759,0.21743722022347015,-0.45602619647979736,6246,3547,2699,0.4394220081511671,528,112,5,40,0.95,True,2.0,True,10,0.0,0,1.3,0.5,1,capped,1,0.1,0.05,20,0.1,0.5,0.1883636118396067
ABL_F2_CAP_REBAL_RB1,F2_CAP,REBAL,RB1,rebalance every 1 trading day(s),2013-07-01,2026-06-25,0.2969746652289641,1.4096367447174234,-0.22425615338448235,0.21067460559741283,30.03205398084005,15516026.990420025,0.04187183454632759,0.21743722022347015,-0.45602619647979736,6604,3848,2756,0.4589985486211901,505,134,5,25,0.95,True,2.0,True,10,0.0,0,1.3,0.5,1,capped,1,0.1,0.05,20,0.1,0.5,0.2551028306826365
ABL_F2_CAP_REBAL_RB2,F2_CAP,REBAL,RB2,rebalance every 2 trading day(s),2013-07-01,2026-06-25,0.26049245078923156,1.2438304960426363,-0.26205113098685706,0.2094276122172698,18.736899739000027,9868449.869500013,0.04187183454632759,0.21743722022347015,-0.45602619647979736,4646,2637,2009,0.45744151319064214,345,93,5,25,0.95,True,2.0,True,10,0.0,0,1.3,0.5,2,capped,1,0.1,0.05,20,0.1,0.5,0.21862061624290396
ABL_F2_CAP_REBAL_RB3,F2_CAP,REBAL,RB3,rebalance every 3 trading day(s),2013-07-01,2026-06-25,0.23950817657326226,1.1694075611087353,-0.2533442230270956,0.2048115511979249,14.360629106880033,7680314.553440017,0.04187183454632759,0.21743722022347015,-0.45602619647979736,3696,2055,1641,0.4728823887873248,264,80,5,25,0.95,True,2.0,True,10,0.0,0,1.3,0.5,3,capped,1,0.1,0.05,20,0.1,0.5,0.19763634202693467
ABL_F2_CAP_REBAL_RB5,F2_CAP,REBAL,RB5,rebalance every 5 trading day(s),2013-07-01,2026-06-25,0.2949257784324297,1.1640024924671375,-0.2452756157835837,0.2533721193391312,26.643696338080048,13821848.169040024,0.04187183454632759,0.21743722022347015,-0.45602619647979736,2789,1550,1239,0.4907183212267958,192,49,5,25,0.95,True,2.0,True,10,0.0,0,1.3,0.5,5,capped,1,0.1,0.05,20,0.1,0.5,0.2530539438861021
ABL_F2_CAP_MA_OVERHEAT_MR20_T110_P50,F2_CAP,MA_OVERHEAT,MR20_T110_P50,penalize price/MA20>=1.10 by x0.50,2013-07-01,2026-06-25,0.30548147049049973,1.4629389613771409,-0.22371585308520658,0.20881354489522522,33.68369838400008,17341849.19200004,0.04187183454632759,0.21743722022347015,-0.45602619647979736,6706,3914,2792,0.46275071633237824,522,141,5,25,0.95,True,2.0,True,10,0.0,20,1.1,0.5,1,capped,1,0.1,0.05,20,0.1,0.5,0.26360963594417214
ABL_F2_CAP_MA_OVERHEAT_MR20_T114_P50,F2_CAP,MA_OVERHEAT,MR20_T114_P50,penalize price/MA20>=1.15 by x0.50,2013-07-01,2026-06-25,0.3031038872420658,1.4387849533137882,-0.22425615338448235,0.21066656733097006,32.51231833676008,16756159.168380043,0.04187183454632759,0.21743722022347015,-0.45602619647979736,6643,3871,2772,0.4595959595959596,507,137,5,25,0.95,True,2.0,True,10,0.0,20,1.15,0.5,1,capped,1,0.1,0.05,20,0.1,0.5,0.2612320526957382
ABL_F2_CAP_MA_OVERHEAT_MR20_T120_P50,F2_CAP,MA_OVERHEAT,MR20_T120_P50,penalize price/MA20>=1.20 by x0.50,2013-07-01,2026-06-25,0.29739489432985305,1.413025238725795,-0.22425615338448235,0.2104667957651138,30.214559435840048,15607279.717920024,0.04187183454632759,0.21743722022347015,-0.45602619647979736,6586,3833,2753,0.4591354885579368,501,132,5,25,0.95,True,2.0,True,10,0.0,20,1.2,0.5,1,capped,1,0.1,0.05,20,0.1,0.5,0.25552305978352546
ABL_F2_CAP_MA_OVERHEAT_MR40_T114_P50,F2_CAP,MA_OVERHEAT,MR40_T114_P50,penalize price/MA40>=1.15 by x0.50,2013-07-01,2026-06-25,0.30512868841918933,1.469419916731999,-0.22448483935797925,0.20765247901212464,33.63580207184007,17317901.035920035,0.04187183454632759,0.21743722022347015,-0.45602619647979736,6706,3903,2803,0.46307527648947555,515,135,5,25,0.95,True,2.0,True,10,0.0,40,1.15,0.5,1,capped,1,0.1,0.05,20,0.1,0.5,0.26325685387286174
ABL_F2_CAP_MA_OVERHEAT_MR60_T114_P50,F2_CAP,MA_OVERHEAT,MR60_T114_P50,penalize price/MA60>=1.15 by x0.50,2013-07-01,2026-06-25,0.3113885518964753,1.4935621499621845,-0.22439532666012008,0.20848717403849537,36.37605043636008,18688025.21818004,0.04187183454632759,0.21743722022347015,-0.45602619647979736,6709,3923,2786,0.46159368269921036,500,126,5,25,0.95,True,2.0,True,10,0.0,60,1.15,0.5,1,capped,1,0.1,0.05,20,0.1,0.5,0.2695167173501477
ABL_F2_CAP_MA_OVERHEAT_MR20_T114_P30,F2_CAP,MA_OVERHEAT,MR20_T114_P30,penalize price/MA20>=1.15 by x0.30,2013-07-01,2026-06-25,0.2979050700485561,1.4206359678770295,-0.22316234096171872,0.20969838634575724,30.481146168960056,15740573.084480029,0.04187183454632759,0.21743722022347015,-0.45602619647979736,6693,3895,2798,0.4603288062902073,515,141,5,25,0.95,True,2.0,True,10,0.0,20,1.15,0.3,1,capped,1,0.1,0.05,20,0.1,0.5,0.2560332355022285
ABL_F2_CAP_MA_OVERHEAT_MR20_T114_P70,F2_CAP,MA_OVERHEAT,MR20_T114_P70,penalize price/MA20>=1.15 by x0.70,2013-07-01,2026-06-25,0.3022005865772897,1.430768386483027,-0.22425615338448235,0.21121558837355167,32.08349186560007,16541745.932800034,0.04187183454632759,0.21743722022347015,-0.45602619647979736,6614,3854,2760,0.45869565217391306,508,136,5,25,0.95,True,2.0,True,10,0.0,20,1.15,0.7,1,capped,1,0.1,0.05,20,0.1,0.5,0.2603287520309621
ABL_F2O_CAP_BASE_BASE,F2O_CAP,BASE,BASE,baseline,2013-07-01,2026-06-25,0.26575264187932296,1.293024649445526,-0.22322421872931864,0.20552790079700556,20.30275287528004,10651376.437640019,0.04187183454632759,0.21743722022347015,-0.45602619647979736,7085,4010,3075,0.45495934959349593,368,122,5,25,0.95,True,2.0,True,10,0.0,0,1.3,0.5,1,capped,1,0.2,0.1,20,0.1,0.5,0.22388080733299537
ABL_F2O_CAP_HOLD_H3,F2O_CAP,HOLD,H3,holdings_num=3,2013-07-01,2026-06-25,0.28520000103395177,1.1848804757427776,-0.2565254885346574,0.2406993843452148,23.63106755608005,12315533.778040025,0.04187183454632759,0.21743722022347015,-0.45602619647979736,5071,2829,2242,0.467885816235504,231,90,3,25,0.95,True,2.0,True,10,0.0,0,1.3,0.5,1,capped,1,0.2,0.1,20,0.1,0.5,0.24332816648762418
ABL_F2O_CAP_HOLD_H4,F2O_CAP,HOLD,H4,holdings_num=4,2013-07-01,2026-06-25,0.2744582484293878,1.2485099657731107,-0.2407334542592654,0.21982864050222933,21.859296319440052,11429648.159720026,0.04187183454632759,0.21743722022347015,-0.45602619647979736,6275,3558,2717,0.46742730953257267,295,108,4,25,0.95,True,2.0,True,10,0.0,0,1.3,0.5,1,capped,1,0.2,0.1,20,0.1,0.5,0.23258641388306023
ABL_F2O_CAP_HOLD_H5,F2O_CAP,HOLD,H5,holdings_num=5,2013-07-01,2026-06-25,0.26575264187932296,1.293024649445526,-0.22322421872931864,0.20552790079700556,20.30275287528004,10651376.437640019,0.04187183454632759,0.21743722022347015,-0.45602619647979736,7085,4010,3075,0.45495934959349593,368,122,5,25,0.95,True,2.0,True,10,0.0,0,1.3,0.5,1,capped,1,0.2,0.1,20,0.1,0.5,0.22388080733299537
ABL_F2O_CAP_HOLD_H6,F2O_CAP,HOLD,H6,holdings_num=6,2013-07-01,2026-06-25,0.26619643640106905,1.3767424411285798,-0.21021595112151303,0.1933523863641884,21.08064565116005,11040322.825580025,0.04187183454632759,0.21743722022347015,-0.45602619647979736,7926,4526,3400,0.46147058823529413,431,137,6,25,0.95,True,2.0,True,10,0.0,0,1.3,0.5,1,capped,1,0.2,0.1,20,0.1,0.5,0.22432460185474146
ABL_F2O_CAP_HOLD_H8,F2O_CAP,HOLD,H8,holdings_num=8,2013-07-01,2026-06-25,0.23844611775420466,1.3451109295716352,-0.18039142443928535,0.17726873859402834,15.203356915960033,8101678.457980016,0.04187183454632759,0.21743722022347015,-0.45602619647979736,8856,5093,3763,0.4504384799362211,463,145,8,25,0.95,True,2.0,True,10,0.0,0,1.3,0.5,1,capped,1,0.2,0.1,20,0.1,0.5,0.19657428320787707
ABL_F2O_CAP_STOP_SL90,F2O_CAP,STOP,SL90,fixed stop loss=0.90,2013-07-01,2026-06-25,0.26581303010783586,1.2933355615842796,-0.22322421872931864,0.20552518464908404,20.318991013600048,10659495.506800024,0.04187183454632759,0.21743722022347015,-0.45602619647979736,7072,4003,3069,0.4551971326164875,367,122,5,25,0.9,True,2.0,True,10,0.0,0,1.3,0.5,1,capped,1,0.2,0.1,20,0.1,0.5,0.22394119556150827
ABL_F2O_CAP_STOP_SL93,F2O_CAP,STOP,SL93,fixed stop loss=0.93,2013-07-01,2026-06-25,0.265806565171122,1.2933038589271426,-0.22322421872931864,0.20552522389565997,20.31726682280005,10658633.411400026,0.04187183454632759,0.21743722022347015,-0.45602619647979736,7074,4004,3070,0.45504885993485344,367,122,5,25,0.93,True,2.0,True,10,0.0,0,1.3,0.5,1,capped,1,0.2,0.1,20,0.1,0.5,0.2239347306247944
ABL_F2O_CAP_STOP_SL95,F2O_CAP,STOP,SL95,fixed stop loss=0.95,2013-07-01,2026-06-25,0.26575264187932296,1.293024649445526,-0.22322421872931864,0.20552790079700556,20.30275287528004,10651376.437640019,0.04187183454632759,0.21743722022347015,-0.45602619647979736,7085,4010,3075,0.45495934959349593,368,122,5,25,0.95,True,2.0,True,10,0.0,0,1.3,0.5,1,capped,1,0.2,0.1,20,0.1,0.5,0.22388080733299537
ABL_F2O_CAP_STOP_SL97,F2O_CAP,STOP,SL97,fixed stop loss=0.97,2013-07-01,2026-06-25,0.2655744596337648,1.2921459067454957,-0.22316904688220696,0.20552977666636918,20.255286325800043,10627643.162900021,0.04187183454632759,0.21743722022347015,-0.45602619647979736,7184,4061,3123,0.45308997758565484,371,124,5,25,0.97,True,2.0,True,10,0.0,0,1.3,0.5,1,capped,1,0.2,0.1,20,0.1,0.5,0.2237026250874372
ABL_F2O_CAP_STOP_SL99,F2O_CAP,STOP,SL99,fixed stop loss=0.99,2013-07-01,2026-06-25,0.2621676611522546,1.2765606318228473,-0.22610494188431307,0.2053703166279661,19.37748030056005,10188740.150280027,0.04187183454632759,0.21743722022347015,-0.45602619647979736,8149,4499,3650,0.4252054794520548,402,139,5,25,0.99,True,2.0,True,10,0.0,0,1.3,0.5,1,capped,1,0.2,0.1,20,0.1,0.5,0.220295826605927
ABL_F2O_CAP_STOP_SL_OFF,F2O_CAP,STOP,SL_OFF,disable fixed stop loss,2013-07-01,2026-06-25,0.26581303010783586,1.2933355615842796,-0.22322421872931864,0.20552518464908404,20.318991013600048,10659495.506800024,0.04187183454632759,0.21743722022347015,-0.45602619647979736,7072,4003,3069,0.4551971326164875,367,122,5,25,0.0,True,2.0,True,10,0.0,0,1.3,0.5,1,capped,1,0.2,0.1,20,0.1,0.5,0.22394119556150827
ABL_F2O_CAP_ATR_ATR1p5,F2O_CAP,ATR,ATR1p5,ATR multiplier=1.5,2013-07-01,2026-06-25,0.2646443129228207,1.2875431048517858,-0.22997200653892869,0.20554209946492236,20.009008727240047,10504504.363620024,0.04187183454632759,0.21743722022347015,-0.45602619647979736,7192,4054,3138,0.45347355003186746,368,122,5,25,0.95,True,1.5,True,10,0.0,0,1.3,0.5,1,capped,1,0.2,0.1,20,0.1,0.5,0.2227724783764931
ABL_F2O_CAP_ATR_ATR2p0,F2O_CAP,ATR,ATR2p0,ATR multiplier=2.0,2013-07-01,2026-06-25,0.26575264187932296,1.293024649445526,-0.22322421872931864,0.20552790079700556,20.30275287528004,10651376.437640019,0.04187183454632759,0.21743722022347015,-0.45602619647979736,7085,4010,3075,0.45495934959349593,368,122,5,25,0.95,True,2.0,True,10,0.0,0,1.3,0.5,1,capped,1,0.2,0.1,20,0.1,0.5,0.22388080733299537
ABL_F2O_CAP_ATR_ATR2p5,F2O_CAP,ATR,ATR2p5,ATR multiplier=2.5,2013-07-01,2026-06-25,0.26812194245306925,1.3049216984117409,-0.22407438100138877,0.20546975560250738,20.946217699280055,10973108.849640027,0.04187183454632759,0.21743722022347015,-0.45602619647979736,7009,3970,3039,0.45771635406383676,366,124,5,25,0.95,True,2.5,True,10,0.0,0,1.3,0.5,1,capped,1,0.2,0.1,20,0.1,0.5,0.22625010790674166
ABL_F2O_CAP_ATR_ATR3p0,F2O_CAP,ATR,ATR3p0,ATR multiplier=3.0,2013-07-01,2026-06-25,0.2681613943400809,1.305080893266852,-0.2239610765842076,0.20547492168767004,20.95674329892005,10978371.649460025,0.04187183454632759,0.21743722022347015,-0.45602619647979736,6991,3961,3030,0.4570957095709571,365,124,5,25,0.95,True,3.0,True,10,0.0,0,1.3,0.5,1,capped,1,0.2,0.1,20,0.1,0.5,0.22628955979375331
ABL_F2O_CAP_ATR_ATR_OFF,F2O_CAP,ATR,ATR_OFF,disable ATR stop,2013-07-01,2026-06-25,0.2681613943400809,1.305080893266852,-0.2239610765842076,0.20547492168767004,20.95674329892005,10978371.649460025,0.04187183454632759,0.21743722022347015,-0.45602619647979736,6991,3961,3030,0.4570957095709571,365,124,5,25,0.95,False,2.0,True,10,0.0,0,1.3,0.5,1,capped,1,0.2,0.1,20,0.1,0.5,0.22628955979375331
ABL_F2O_CAP_SHORT_MOM_SM_OFF,F2O_CAP,SHORT_MOM,SM_OFF,disable short momentum hard filter,2013-07-01,2026-06-25,0.24251615850358044,1.0967883492464559,-0.30991333946177146,0.22111482007462993,14.275689935920038,7637844.967960019,0.04187183454632759,0.21743722022347015,-0.45602619647979736,6033,3388,2645,0.48279773156899813,327,119,5,25,0.95,True,2.0,False,10,0.0,0,1.3,0.5,1,capped,1,0.2,0.1,20,0.1,0.5,0.20064432395725285
ABL_F2O_CAP_SHORT_MOM_SMN0p5,F2O_CAP,SHORT_MOM,SMN0p5,short annualized momentum threshold=-0.50,2013-07-01,2026-06-25,0.24075418740722107,1.1276530083289185,-0.28560707745630665,0.21350023954975067,14.255099520920043,7627549.760460021,0.04187183454632759,0.21743722022347015,-0.45602619647979736,6253,3531,2722,0.4856722997795738,341,115,5,25,0.95,True,2.0,True,10,-0.5,0,1.3,0.5,1,capped,1,0.2,0.1,20,0.1,0.5,0.19888235286089348
ABL_F2O_CAP_SHORT_MOM_SMN0p25,F2O_CAP,SHORT_MOM,SMN0p25,short annualized momentum threshold=-0.25,2013-07-01,2026-06-25,0.2448716397097582,1.1681466454568352,-0.25277284745097195,0.20962405761478223,15.228747805120037,8114373.902560018,0.04187183454632759,0.21743722022347015,-0.45602619647979736,6679,3758,2921,0.47175624786032183,336,114,5,25,0.95,True,2.0,True,10,-0.25,0,1.3,0.5,1,capped,1,0.2,0.1,20,0.1,0.5,0.2029998051634306
ABL_F2O_CAP_SHORT_MOM_SM0p0,F2O_CAP,SHORT_MOM,SM0p0,short annualized momentum threshold=0.00,2013-07-01,2026-06-25,0.26575264187932296,1.293024649445526,-0.22322421872931864,0.20552790079700556,20.30275287528004,10651376.437640019,0.04187183454632759,0.21743722022347015,-0.45602619647979736,7085,4010,3075,0.45495934959349593,368,122,5,25,0.95,True,2.0,True,10,0.0,0,1.3,0.5,1,capped,1,0.2,0.1,20,0.1,0.5,0.22388080733299537
ABL_F2O_CAP_SHORT_MOM_SM0p25,F2O_CAP,SHORT_MOM,SM0p25,short annualized momentum threshold=0.25,2013-07-01,2026-06-25,0.3624734033506839,1.4866773571529606,-0.22658553670987558,0.24381443734693936,63.08091880292008,32040459.401460044,0.04187183454632759,0.21743722022347015,-0.45602619647979736,6476,3748,2728,0.4739736070381232,335,115,5,25,0.95,True,2.0,True,10,0.25,0,1.3,0.5,1,capped,1,0.2,0.1,20,0.1,0.5,0.3206015688043563
ABL_F2O_CAP_SHORT_MOM_SM0p5,F2O_CAP,SHORT_MOM,SM0p5,short annualized momentum threshold=0.50,2013-07-01,2026-06-25,0.34935186354049463,1.378791360218488,-0.26690561874622565,0.25337543708218124,51.8131116755601,26406555.83778005,0.04187183454632759,0.21743722022347015,-0.45602619647979736,6420,3680,2740,0.481021897810219,360,120,5,25,0.95,True,2.0,True,10,0.5,0,1.3,0.5,1,capped,1,0.2,0.1,20,0.1,0.5,0.30748002899416704
ABL_F2O_CAP_LOOKBACK_LB20,F2O_CAP,LOOKBACK,LB20,regression lookback=20 trading days,2013-07-01,2026-06-25,0.23497308361387345,1.1233683055703791,-0.27233964546136846,0.20916833993689024,13.359893154080039,7179946.577040019,0.04187183454632759,0.21743722022347015,-0.45602619647979736,7037,3952,3085,0.4518638573743922,360,109,5,20,0.95,True,2.0,True,10,0.0,0,1.3,0.5,1,capped,1,0.2,0.1,20,0.1,0.5,0.19310124906754586
ABL_F2O_CAP_LOOKBACK_LB25,F2O_CAP,LOOKBACK,LB25,regression lookback=25 trading days,2013-07-01,2026-06-25,0.26575264187932296,1.293024649445526,-0.22322421872931864,0.20552790079700556,20.30275287528004,10651376.437640019,0.04187183454632759,0.21743722022347015,-0.45602619647979736,7085,4010,3075,0.45495934959349593,368,122,5,25,0.95,True,2.0,True,10,0.0,0,1.3,0.5,1,capped,1,0.2,0.1,20,0.1,0.5,0.22388080733299537
ABL_F2O_CAP_LOOKBACK_LB30,F2O_CAP,LOOKBACK,LB30,regression lookback=30 trading days,2013-07-01,2026-06-25,0.26273849247341297,1.2870912708248605,-0.2011955472073116,0.2041335361594297,19.582026943960035,10291013.471980017,0.04187183454632759,0.21743722022347015,-0.45602619647979736,7107,3977,3130,0.44664536741214056,372,120,5,30,0.95,True,2.0,True,10,0.0,0,1.3,0.5,1,capped,1,0.2,0.1,20,0.1,0.5,0.22086665792708537
ABL_F2O_CAP_LOOKBACK_LB40,F2O_CAP,LOOKBACK,LB40,regression lookback=40 trading days,2013-07-01,2026-06-25,0.22806432028599097,1.1502471793272318,-0.23610876365450018,0.19827418348409562,12.539068787240051,6769534.393620025,0.04187183454632759,0.21743722022347015,-0.45602619647979736,6987,3907,3080,0.4353896103896104,374,111,5,40,0.95,True,2.0,True,10,0.0,0,1.3,0.5,1,capped,1,0.2,0.1,20,0.1,0.5,0.18619248573966338
ABL_F2O_CAP_REBAL_RB1,F2O_CAP,REBAL,RB1,rebalance every 1 trading day(s),2013-07-01,2026-06-25,0.26575264187932296,1.293024649445526,-0.22322421872931864,0.20552790079700556,20.30275287528004,10651376.437640019,0.04187183454632759,0.21743722022347015,-0.45602619647979736,7085,4010,3075,0.45495934959349593,368,122,5,25,0.95,True,2.0,True,10,0.0,0,1.3,0.5,1,capped,1,0.2,0.1,20,0.1,0.5,0.22388080733299537
ABL_F2O_CAP_REBAL_RB2,F2O_CAP,REBAL,RB2,rebalance every 2 trading day(s),2013-07-01,2026-06-25,0.23540923325741128,1.1247295837158193,-0.2475750149836543,0.2093029619436872,13.429391073480028,7214695.536740014,0.04187183454632759,0.21743722022347015,-0.45602619647979736,5057,2800,2257,0.4594594594594595,243,83,5,25,0.95,True,2.0,True,10,0.0,0,1.3,0.5,2,capped,1,0.2,0.1,20,0.1,0.5,0.1935373987110837
ABL_F2O_CAP_REBAL_RB3,F2O_CAP,REBAL,RB3,rebalance every 3 trading day(s),2013-07-01,2026-06-25,0.22587400565073873,1.1141638503013465,-0.25768335165515344,0.20272961251583138,12.026770920360022,6513385.460180011,0.04187183454632759,0.21743722022347015,-0.45602619647979736,4071,2222,1849,0.48674959437533805,187,71,5,25,0.95,True,2.0,True,10,0.0,0,1.3,0.5,3,capped,1,0.2,0.1,20,0.1,0.5,0.18400217110441114
ABL_F2O_CAP_REBAL_RB5,F2O_CAP,REBAL,RB5,rebalance every 5 trading day(s),2013-07-01,2026-06-25,0.27411945851847025,1.0944803663741993,-0.24401289589199604,0.25045625937226695,20.51979460440004,10759897.30220002,0.04187183454632759,0.21743722022347015,-0.45602619647979736,2990,1627,1363,0.4974321349963316,135,46,5,25,0.95,True,2.0,True,10,0.0,0,1.3,0.5,5,capped,1,0.2,0.1,20,0.1,0.5,0.23224762397214266
ABL_F2O_CAP_MA_OVERHEAT_MR20_T110_P50,F2O_CAP,MA_OVERHEAT,MR20_T110_P50,penalize price/MA20>=1.10 by x0.50,2013-07-01,2026-06-25,0.2724697214888066,1.3436249773373687,-0.22398379151796166,0.2027870321588943,22.330661684800052,11665330.842400026,0.04187183454632759,0.21743722022347015,-0.45602619647979736,7260,4105,3155,0.45736925515055465,370,125,5,25,0.95,True,2.0,True,10,0.0,20,1.1,0.5,1,capped,1,0.2,0.1,20,0.1,0.5,0.230597886942479
ABL_F2O_CAP_MA_OVERHEAT_MR20_T114_P50,F2O_CAP,MA_OVERHEAT,MR20_T114_P50,penalize price/MA20>=1.15 by x0.50,2013-07-01,2026-06-25,0.27062753272405243,1.3203363306698381,-0.22322421872931864,0.2049686329442716,21.67788135812005,11338940.679060025,0.04187183454632759,0.21743722022347015,-0.45602619647979736,7099,4010,3089,0.4567821301392036,366,124,5,25,0.95,True,2.0,True,10,0.0,20,1.15,0.5,1,capped,1,0.2,0.1,20,0.1,0.5,0.22875569817772484
ABL_F2O_CAP_MA_OVERHEAT_MR20_T120_P50,F2O_CAP,MA_OVERHEAT,MR20_T120_P50,penalize price/MA20>=1.20 by x0.50,2013-07-01,2026-06-25,0.26214281644770293,1.2759548124517592,-0.22322421872931864,0.20544835435354725,19.364156695280037,10182078.347640019,0.04187183454632759,0.21743722022347015,-0.45602619647979736,7094,4009,3085,0.45575364667747165,368,121,5,25,0.95,True,2.0,True,10,0.0,20,1.2,0.5,1,capped,1,0.2,0.1,20,0.1,0.5,0.22027098190137534
ABL_F2O_CAP_MA_OVERHEAT_MR40_T114_P50,F2O_CAP,MA_OVERHEAT,MR40_T114_P50,penalize price/MA40>=1.15 by x0.50,2013-07-01,2026-06-25,0.273600542329618,1.3515291277707397,-0.2237614006456795,0.20243776971414926,22.68328436400006,11841642.18200003,0.04187183454632759,0.21743722022347015,-0.45602619647979736,7231,4087,3144,0.46119592875318066,372,124,5,25,0.95,True,2.0,True,10,0.0,40,1.15,0.5,1,capped,1,0.2,0.1,20,0.1,0.5,0.2317287077832904
ABL_F2O_CAP_MA_OVERHEAT_MR60_T114_P50,F2O_CAP,MA_OVERHEAT,MR60_T114_P50,penalize price/MA60>=1.15 by x0.50,2013-07-01,2026-06-25,0.28054572011631934,1.3845067855967983,-0.22476882328202197,0.20263224639624194,24.819938305760072,12909969.152880035,0.04187183454632759,0.21743722022347015,-0.45602619647979736,7269,4119,3150,0.45904761904761904,368,119,5,25,0.95,True,2.0,True,10,0.0,60,1.15,0.5,1,capped,1,0.2,0.1,20,0.1,0.5,0.23867388556999175
ABL_F2O_CAP_MA_OVERHEAT_MR20_T114_P30,F2O_CAP,MA_OVERHEAT,MR20_T114_P30,penalize price/MA20>=1.15 by x0.30,2013-07-01,2026-06-25,0.2638872382941556,1.296696735693071,-0.21994848118306465,0.20350728973888457,19.91822721592006,10459113.607960029,0.04187183454632759,0.21743722022347015,-0.45602619647979736,7188,4055,3133,0.45579316948611553,379,129,5,25,0.95,True,2.0,True,10,0.0,20,1.15,0.3,1,capped,1,0.2,0.1,20,0.1,0.5,0.22201540374782802
ABL_F2O_CAP_MA_OVERHEAT_MR20_T114_P70,F2O_CAP,MA_OVERHEAT,MR20_T114_P70,penalize price/MA20>=1.15 by x0.70,2013-07-01,2026-06-25,0.26966140467632027,1.3098930206527908,-0.22322421872931864,0.2058652122155238,21.352756474320056,11176378.237160029,0.04187183454632759,0.21743722022347015,-0.45602619647979736,7093,4011,3082,0.45652173913043476,367,127,5,25,0.95,True,2.0,True,10,0.0,20,1.15,0.7,1,capped,1,0.2,0.1,20,0.1,0.5,0.22778957012999268
